video,playlist,views,idx
IzTRzMf8kKE,PLUl4u3cNGP63CvRtMNrIe12qBKV5Fsh5a,2522,1
pSIAK5hzJeI,PLUl4u3cNGP63CvRtMNrIe12qBKV5Fsh5a,3977,2
QTJuzevTGkQ,PLUl4u3cNGP62In5JXH39ct5JtXja3VGJJ,16216,1
4bwMeTKC0M4,PLUl4u3cNGP62In5JXH39ct5JtXja3VGJJ,11432,2
-KUXPcs2Di4,PLUl4u3cNGP62In5JXH39ct5JtXja3VGJJ,4886,3
SwW1K7Dibc8,PLUl4u3cNGP62In5JXH39ct5JtXja3VGJJ,3826,4
lEnolaQmkMw,PLUl4u3cNGP62In5JXH39ct5JtXja3VGJJ,3509,5
zqXBZ81bWOc,PLUl4u3cNGP62In5JXH39ct5JtXja3VGJJ,14647,6
_GmzGci0Cpw,PLUl4u3cNGP62In5JXH39ct5JtXja3VGJJ,4803,7
f2j567E1Zqo,PLUl4u3cNGP62In5JXH39ct5JtXja3VGJJ,3301,8
lB0PosKEFYc,PLUl4u3cNGP62In5JXH39ct5JtXja3VGJJ,3098,9
JM8vAGReKkc,PLUl4u3cNGP62In5JXH39ct5JtXja3VGJJ,2041,10
8FtCg_bbdW0,PLUl4u3cNGP62In5JXH39ct5JtXja3VGJJ,2037,11
7LyvAVjQUR8,PLUl4u3cNGP61FVzAxBP09w2FMQgknTOqu,16135,1
NXrGOd7gdMw,PLUl4u3cNGP61FVzAxBP09w2FMQgknTOqu,3644,2
Gd0QPYVYnQg,PLUl4u3cNGP61FVzAxBP09w2FMQgknTOqu,2731,3
SgM2wxELF4U,PLUl4u3cNGP61FVzAxBP09w2FMQgknTOqu,1848,4
mJ54DfN95Zo,PLUl4u3cNGP61FVzAxBP09w2FMQgknTOqu,1156,5
kZAFntUFx8I,PLUl4u3cNGP61FVzAxBP09w2FMQgknTOqu,1845,6
nAtTW8ZW33s,PLUl4u3cNGP61FVzAxBP09w2FMQgknTOqu,740,7
YLp8RziRbpg,PLUl4u3cNGP61FVzAxBP09w2FMQgknTOqu,997,8
es6f90JcJ2k,PLUl4u3cNGP61FVzAxBP09w2FMQgknTOqu,779,9
z_xyx-z6arc,PLUl4u3cNGP61FVzAxBP09w2FMQgknTOqu,1701,10
jJSwWRaU9rA,PLUl4u3cNGP61FVzAxBP09w2FMQgknTOqu,459,11
ORbfdLUl0ik,PLUl4u3cNGP61FVzAxBP09w2FMQgknTOqu,559,12
kjX4HCtlJBY,PLUl4u3cNGP61FVzAxBP09w2FMQgknTOqu,882,13
qAVtgc3I6ig,PLUl4u3cNGP61FVzAxBP09w2FMQgknTOqu,700,14
qHPp458m1cs,PLUl4u3cNGP61FVzAxBP09w2FMQgknTOqu,243802,15
kJu5qVfSphw,PLUl4u3cNGP61FVzAxBP09w2FMQgknTOqu,1889,16
rsDEuRpOHqs,PLUl4u3cNGP61FVzAxBP09w2FMQgknTOqu,1637,17
b2VMwG1MTHg,PLUl4u3cNGP61FVzAxBP09w2FMQgknTOqu,493,18
RW2DPHAoXiQ,PLUl4u3cNGP61FVzAxBP09w2FMQgknTOqu,2836,19
3yqpirzxudw,PLUl4u3cNGP61FVzAxBP09w2FMQgknTOqu,874,20
KhT9m9kFzv8,PLUl4u3cNGP61FVzAxBP09w2FMQgknTOqu,745,21
RCSCg40NgD4,PLUl4u3cNGP61FVzAxBP09w2FMQgknTOqu,803,22
i3CzkU4Ft9U,PLUl4u3cNGP61FVzAxBP09w2FMQgknTOqu,468,23
KWaGHCjsSAM,PLUl4u3cNGP61FVzAxBP09w2FMQgknTOqu,391,24
Ijst4g5KFN0,PLUl4u3cNGP61FVzAxBP09w2FMQgknTOqu,4513,25
CjZjVUWMEz0,PLUl4u3cNGP61FVzAxBP09w2FMQgknTOqu,976,26
9uqKU5ZDwfM,PLUl4u3cNGP61FVzAxBP09w2FMQgknTOqu,1097,27
UDAuMq-0mEo,PLUl4u3cNGP61FVzAxBP09w2FMQgknTOqu,694,28
Hz7ouec7dKo,PLUl4u3cNGP61FVzAxBP09w2FMQgknTOqu,1574,29
kzOFhSJFihI,PLUl4u3cNGP61FVzAxBP09w2FMQgknTOqu,527,30
HfRpkTG7Iow,PLUl4u3cNGP61FVzAxBP09w2FMQgknTOqu,722,31
yYto-sIfHjo,PLUl4u3cNGP61FVzAxBP09w2FMQgknTOqu,408,32
HSm76SpZl7o,PLUl4u3cNGP61FVzAxBP09w2FMQgknTOqu,521,33
G8LHGY3i01Q,PLUl4u3cNGP61FVzAxBP09w2FMQgknTOqu,477,34
o7h_sYMk_oc,PLUl4u3cNGP63VIBQVWguXxZZi0566y7Wf,10085,1
H-1-X9bkop8,PLUl4u3cNGP63VIBQVWguXxZZi0566y7Wf,3610,2
ZusiKXcz_ac,PLUl4u3cNGP63VIBQVWguXxZZi0566y7Wf,2167,3
L1ung0wil9Y,PLUl4u3cNGP63VIBQVWguXxZZi0566y7Wf,5045,4
wt7a5BOztuM,PLUl4u3cNGP63VIBQVWguXxZZi0566y7Wf,2643,5
dx98pqJvZVk,PLUl4u3cNGP63VIBQVWguXxZZi0566y7Wf,1969,6
a_R_DpsENfk,PLUl4u3cNGP63VIBQVWguXxZZi0566y7Wf,879,7
6I26_r1BKd8,PLUl4u3cNGP63VIBQVWguXxZZi0566y7Wf,2079,8
ulJm7_aTiQM,PLUl4u3cNGP63VIBQVWguXxZZi0566y7Wf,1575,9
LvX3g45ynu8,PLUl4u3cNGP63VIBQVWguXxZZi0566y7Wf,966,10
nmMUUuXhk2A,PLUl4u3cNGP63VIBQVWguXxZZi0566y7Wf,846,11
d5e_YJGXXFU,PLUl4u3cNGP63VIBQVWguXxZZi0566y7Wf,1118,12
Z7r4aAZ9Vqo,PLUl4u3cNGP63VIBQVWguXxZZi0566y7Wf,1198,13
xDKnMXtZKq8,PLUl4u3cNGP63VIBQVWguXxZZi0566y7Wf,926,14
xwE568oVQ1Y,PLUl4u3cNGP63VIBQVWguXxZZi0566y7Wf,563,15
mXkPCaZUXhg,PLUl4u3cNGP63VIBQVWguXxZZi0566y7Wf,431,16
5sZo3SrLrGA,PLUl4u3cNGP63VIBQVWguXxZZi0566y7Wf,552,17
bd-mavr5YlA,PLUl4u3cNGP63VIBQVWguXxZZi0566y7Wf,550,18
euO8bqSW_Ow,PLUl4u3cNGP63VIBQVWguXxZZi0566y7Wf,445,19
gyaqXwi4BDk,PLUl4u3cNGP63VIBQVWguXxZZi0566y7Wf,355,20
SS5KfIFzfEE,PLUl4u3cNGP63VIBQVWguXxZZi0566y7Wf,955,21
IT_4fw6gfJw,PLUl4u3cNGP63VIBQVWguXxZZi0566y7Wf,1054,22
6JcMuFgnA6U,PLUl4u3cNGP63VIBQVWguXxZZi0566y7Wf,1187,23
IJquEYhiq_U,PLUl4u3cNGP61KHzhg3JIJdK08JLSlcLId,29316,1
zYzEmBlJ77s,PLUl4u3cNGP61KHzhg3JIJdK08JLSlcLId,5841,2
0Q5IimX-AAc,PLUl4u3cNGP61KHzhg3JIJdK08JLSlcLId,3197,3
VT2o4KCEbes,PLUl4u3cNGP61KHzhg3JIJdK08JLSlcLId,1753,4
1Qws70XGSq4,PLUl4u3cNGP61KHzhg3JIJdK08JLSlcLId,1371,5
mhQebe1Y4d0,PLUl4u3cNGP61KHzhg3JIJdK08JLSlcLId,2315,6
CCeq5PChvuk,PLUl4u3cNGP61KHzhg3JIJdK08JLSlcLId,1032,7
U2yAcsj7P_E,PLUl4u3cNGP61KHzhg3JIJdK08JLSlcLId,1467,8
muwNEvhy6Po,PLUl4u3cNGP61KHzhg3JIJdK08JLSlcLId,557,9
wXWbdiOBW5w,PLUl4u3cNGP61KHzhg3JIJdK08JLSlcLId,1043,10
7o5shPC0R2k,PLUl4u3cNGP61KHzhg3JIJdK08JLSlcLId,1104,11
Hzv9WuqIzA0,PLUl4u3cNGP61KHzhg3JIJdK08JLSlcLId,2006,12
hNR3WTboo_U,PLUl4u3cNGP61KHzhg3JIJdK08JLSlcLId,604,13
P6AX8KdXAts,PLUl4u3cNGP61KHzhg3JIJdK08JLSlcLId,571,14
gF4Mkkhyz1Q,PLUl4u3cNGP61KHzhg3JIJdK08JLSlcLId,421,15
BFwc2XA8rSk,PLUl4u3cNGP61KHzhg3JIJdK08JLSlcLId,519,16
UySc4jxbqi4,PLUl4u3cNGP61KHzhg3JIJdK08JLSlcLId,522,17
mBdrvfytLDQ,PLUl4u3cNGP61KHzhg3JIJdK08JLSlcLId,549,18
74_BKWR3n0k,PLUl4u3cNGP61KHzhg3JIJdK08JLSlcLId,1186,19
yKa-KxY-YJk,PLUl4u3cNGP61KHzhg3JIJdK08JLSlcLId,587,20
RDvMzWDzZkc,PLUl4u3cNGP61GOiMKYgTzHpf8x6iiblaV,10994,1
n0QLcw-CHmk,PLUl4u3cNGP61GOiMKYgTzHpf8x6iiblaV,1608,2
Qo2B2y6cLf4,PLUl4u3cNGP61GOiMKYgTzHpf8x6iiblaV,1271,3
XGyUFPCwlPI,PLUl4u3cNGP61GOiMKYgTzHpf8x6iiblaV,524,4
lemfZDGJQaQ,PLUl4u3cNGP61GOiMKYgTzHpf8x6iiblaV,398,5
Ayvwr28VKBk,PLUl4u3cNGP61GOiMKYgTzHpf8x6iiblaV,409,6
QcXr9NShqnw,PLUl4u3cNGP61GOiMKYgTzHpf8x6iiblaV,274,7
YcxHJcGU8u0,PLUl4u3cNGP61GOiMKYgTzHpf8x6iiblaV,275,8
L-Y4K7LfHms,PLUl4u3cNGP61GOiMKYgTzHpf8x6iiblaV,272,9
UbwGHnn3B_M,PLUl4u3cNGP61GOiMKYgTzHpf8x6iiblaV,167,10
bnEPjrsCaYg,PLUl4u3cNGP61GOiMKYgTzHpf8x6iiblaV,254,11
H-ym4rSciTM,PLUl4u3cNGP61GOiMKYgTzHpf8x6iiblaV,169,12
lwSNTxl4b4Y,PLUl4u3cNGP61GOiMKYgTzHpf8x6iiblaV,230,13
dCw-x9ZOljY,PLUl4u3cNGP61GOiMKYgTzHpf8x6iiblaV,235,14
44z4NAj-dEw,PLUl4u3cNGP61GOiMKYgTzHpf8x6iiblaV,186,15
on1rmY3Tw5U,PLUl4u3cNGP61GOiMKYgTzHpf8x6iiblaV,135,16
w6_KvH6fFe0,PLUl4u3cNGP61GOiMKYgTzHpf8x6iiblaV,277,17
UFu_shvdwlE,PLUl4u3cNGP61GOiMKYgTzHpf8x6iiblaV,131,18
mCxtdohSJZQ,PLUl4u3cNGP61GOiMKYgTzHpf8x6iiblaV,203,19
AGFamePtVUI,PLUl4u3cNGP61GOiMKYgTzHpf8x6iiblaV,156,20
cvBIpLYtj1U,PLUl4u3cNGP61GOiMKYgTzHpf8x6iiblaV,620,21
Rs3Ll0KYfcA,PLUl4u3cNGP61GOiMKYgTzHpf8x6iiblaV,228,22
FY1QmZb_LDs,PLUl4u3cNGP61GOiMKYgTzHpf8x6iiblaV,323,23
j563wGImp9U,PLUl4u3cNGP61GOiMKYgTzHpf8x6iiblaV,194,24
Cx5Z-OslNWE,PLUl4u3cNGP63oMNUHXqIUcrkS2PivhN3k,150097,1
t36jZG07MYc,PLUl4u3cNGP63oMNUHXqIUcrkS2PivhN3k,12586,2
YiqIkSHSmyc,PLUl4u3cNGP63oMNUHXqIUcrkS2PivhN3k,79584,3
or6C4yBk_SY,PLUl4u3cNGP63oMNUHXqIUcrkS2PivhN3k,36189,4
Xa2jPbURTjQ,PLUl4u3cNGP63oMNUHXqIUcrkS2PivhN3k,21082,5
k095NdrHxY4,PLUl4u3cNGP63oMNUHXqIUcrkS2PivhN3k,26577,6
xsP-S7yKaRA,PLUl4u3cNGP63oMNUHXqIUcrkS2PivhN3k,19489,7
rYz83XPxiZo,PLUl4u3cNGP63oMNUHXqIUcrkS2PivhN3k,26534,8
Y4f7K9XF04k,PLUl4u3cNGP63oMNUHXqIUcrkS2PivhN3k,12480,9
NcPUI7aPFhA,PLUl4u3cNGP63oMNUHXqIUcrkS2PivhN3k,22298,10
ZUU57Q3CFOU,PLUl4u3cNGP63oMNUHXqIUcrkS2PivhN3k,15314,11
Z_5uLqcwDgM,PLUl4u3cNGP63oMNUHXqIUcrkS2PivhN3k,9918,12
MuEW9pG9oxE,PLUl4u3cNGP63oMNUHXqIUcrkS2PivhN3k,8545,13
d32WV1rKoVk,PLUl4u3cNGP63oMNUHXqIUcrkS2PivhN3k,8210,14
z0ykhV15wLw,PLUl4u3cNGP63oMNUHXqIUcrkS2PivhN3k,6905,15
XhSk_Lw2X_U,PLUl4u3cNGP63oMNUHXqIUcrkS2PivhN3k,6797,16
z3SmljnD_nQ,PLUl4u3cNGP63oMNUHXqIUcrkS2PivhN3k,6699,17
AdTvkFsqcDc,PLUl4u3cNGP63oMNUHXqIUcrkS2PivhN3k,4972,18
9BYsNpTCZGg,PLUl4u3cNGP63oMNUHXqIUcrkS2PivhN3k,6362,19
xaSL8yFgqig,PLUl4u3cNGP63oMNUHXqIUcrkS2PivhN3k,4741,20
2K7CvGnebO0,PLUl4u3cNGP63oMNUHXqIUcrkS2PivhN3k,3915,21
nrDkb2MAwSA,PLUl4u3cNGP63oMNUHXqIUcrkS2PivhN3k,4762,22
nvXRJIBOREc,PLUl4u3cNGP63oMNUHXqIUcrkS2PivhN3k,5820,23
AeRwohPuUHQ,PLUl4u3cNGP63oMNUHXqIUcrkS2PivhN3k,7455,24
wrEcHhoJxjM,PLUl4u3cNGP63oMNUHXqIUcrkS2PivhN3k,6683,25
feb9j65Iz4w,PLUl4u3cNGP63oMNUHXqIUcrkS2PivhN3k,5902,26
k3AiUhwHQ28,PLUl4u3cNGP63oMNUHXqIUcrkS2PivhN3k,10035,27
sx00s7nYmRM,PLUl4u3cNGP63oMNUHXqIUcrkS2PivhN3k,9513,28
lZrIPRnoGQQ,PLUl4u3cNGP63oMNUHXqIUcrkS2PivhN3k,6525,29
p-bXJIa7QVI,PLUl4u3cNGP63oMNUHXqIUcrkS2PivhN3k,3754,30
1pFv7e9xtHo,PLUl4u3cNGP63oMNUHXqIUcrkS2PivhN3k,4422,31
hwDRfkPSXng,PLUl4u3cNGP63oMNUHXqIUcrkS2PivhN3k,6904,32
L3-WFKCW-tY,PLUl4u3cNGP63oMNUHXqIUcrkS2PivhN3k,8086,33
0Qws8BuK3RQ,PLUl4u3cNGP63oMNUHXqIUcrkS2PivhN3k,4295,34
cxTmmasBiC8,PLUl4u3cNGP63oMNUHXqIUcrkS2PivhN3k,9414,35
rZS2LGiurKY,PLUl4u3cNGP63oMNUHXqIUcrkS2PivhN3k,10775,36
HaySEpWEsdU,PLUl4u3cNGP60qpzuLPuuKLqmXClgEL2Ng,3374,1
EZCmSXZnT6Q,PLUl4u3cNGP60qpzuLPuuKLqmXClgEL2Ng,1265,2
sv6oW4AEVOY,PLUl4u3cNGP60qpzuLPuuKLqmXClgEL2Ng,638,3
Ek90ivXyusk,PLUl4u3cNGP60qpzuLPuuKLqmXClgEL2Ng,1134,4
omuDD2rZqlE,PLUl4u3cNGP60qpzuLPuuKLqmXClgEL2Ng,536,5
YEkx5ZKWM4s,PLUl4u3cNGP60qpzuLPuuKLqmXClgEL2Ng,1123,6
R0tFDXBZvKI,PLUl4u3cNGP62WVs95MNq3dQBqY2vGOtQ2,12617,1
qyBuzeUYs2M,PLUl4u3cNGP62WVs95MNq3dQBqY2vGOtQ2,2972,2
7ufoYYj15cU,PLUl4u3cNGP62WVs95MNq3dQBqY2vGOtQ2,1677,3
uh5zxZCp70c,PLUl4u3cNGP62WVs95MNq3dQBqY2vGOtQ2,1168,4
cVEj5p9GiBA,PLUl4u3cNGP62WVs95MNq3dQBqY2vGOtQ2,919,5
RbJV-g9Lob8,PLUl4u3cNGP62WVs95MNq3dQBqY2vGOtQ2,857,6
wPwWtFMkxLo,PLUl4u3cNGP62WVs95MNq3dQBqY2vGOtQ2,1712,7
f866lUTRXE4,PLUl4u3cNGP62WVs95MNq3dQBqY2vGOtQ2,697,8
JuvrTQapI_k,PLUl4u3cNGP62WVs95MNq3dQBqY2vGOtQ2,649,9
4fTOrb1yBFU,PLUl4u3cNGP62WVs95MNq3dQBqY2vGOtQ2,562,10
FkFYxaWhn8g,PLUl4u3cNGP62WVs95MNq3dQBqY2vGOtQ2,482,11
fg6QYiiF_c8,PLUl4u3cNGP62WVs95MNq3dQBqY2vGOtQ2,458,12
m_G3z-C1C2g,PLUl4u3cNGP62WVs95MNq3dQBqY2vGOtQ2,523,13
ydboHy_yNts,PLUl4u3cNGP62WVs95MNq3dQBqY2vGOtQ2,698,14
cTU43KgGLFw,PLUl4u3cNGP62WVs95MNq3dQBqY2vGOtQ2,390,15
2IQxigpPMns,PLUl4u3cNGP62WVs95MNq3dQBqY2vGOtQ2,308,16
pUmMZqwzZ10,PLUl4u3cNGP62WVs95MNq3dQBqY2vGOtQ2,469,17
AlT3zLxcHmw,PLUl4u3cNGP62WVs95MNq3dQBqY2vGOtQ2,596,18
OaT9zGXjAmQ,PLUl4u3cNGP62WVs95MNq3dQBqY2vGOtQ2,375,19
WXlcxHX0R_Y,PLUl4u3cNGP62WVs95MNq3dQBqY2vGOtQ2,391,20
SlwUHJ4kgjI,PLUl4u3cNGP62WVs95MNq3dQBqY2vGOtQ2,362,21
CLiy3m2Jt-M,PLUl4u3cNGP62WVs95MNq3dQBqY2vGOtQ2,456,22
qY5Rr-PTMMc,PLUl4u3cNGP62WVs95MNq3dQBqY2vGOtQ2,275,23
Bzqpuuoq4bI,PLUl4u3cNGP62WVs95MNq3dQBqY2vGOtQ2,297,24
wP-ODG_e1i0,PLUl4u3cNGP62WVs95MNq3dQBqY2vGOtQ2,536,25
xvojobO-1Hw,PLUl4u3cNGP62WVs95MNq3dQBqY2vGOtQ2,418,26
2JxUXSG9rKo,PLUl4u3cNGP62WVs95MNq3dQBqY2vGOtQ2,320,27
Fi62zvlY2o4,PLUl4u3cNGP62WVs95MNq3dQBqY2vGOtQ2,249,28
J5Mg_tqT18g,PLUl4u3cNGP62WVs95MNq3dQBqY2vGOtQ2,321,29
br3mu-IK9N8,PLUl4u3cNGP62WVs95MNq3dQBqY2vGOtQ2,289,30
EnmOjVUSfdY,PLUl4u3cNGP62WVs95MNq3dQBqY2vGOtQ2,204,31
uUKJPnwlbRI,PLUl4u3cNGP62WVs95MNq3dQBqY2vGOtQ2,179,32
7XEUB_dTaK0,PLUl4u3cNGP62WVs95MNq3dQBqY2vGOtQ2,1622,33
1eIFnKOZ-oY,PLUl4u3cNGP62WVs95MNq3dQBqY2vGOtQ2,333,34
3YjMdixww4c,PLUl4u3cNGP62WVs95MNq3dQBqY2vGOtQ2,665,35
Z8jR--1_2e4,PLUl4u3cNGP62WVs95MNq3dQBqY2vGOtQ2,314,36
r6Tk1-jZxzg,PLUl4u3cNGP62WVs95MNq3dQBqY2vGOtQ2,288,37
VdRC2raV8fA,PLUl4u3cNGP62WVs95MNq3dQBqY2vGOtQ2,398,38
BZX8qSrMNyo,PLUl4u3cNGP62WVs95MNq3dQBqY2vGOtQ2,2103,39
58edfKe-LO8,PLUl4u3cNGP62WVs95MNq3dQBqY2vGOtQ2,328,40
VHVsCE9XmQk,PLUl4u3cNGP62WVs95MNq3dQBqY2vGOtQ2,173,41
zZfr7Zqfqm4,PLUl4u3cNGP62WVs95MNq3dQBqY2vGOtQ2,517,42
J6rzqMwDUmM,PLUl4u3cNGP62WVs95MNq3dQBqY2vGOtQ2,163,43
tjIFsdM-hBA,PLUl4u3cNGP62WVs95MNq3dQBqY2vGOtQ2,161,44
z3DEmSG8kPk,PLUl4u3cNGP62WVs95MNq3dQBqY2vGOtQ2,320,45
LiO-HMhxAtY,PLUl4u3cNGP62WVs95MNq3dQBqY2vGOtQ2,337,46
CcInkh1mKZA,PLUl4u3cNGP62WVs95MNq3dQBqY2vGOtQ2,256,47
VkVe_wNU6RI,PLUl4u3cNGP62WVs95MNq3dQBqY2vGOtQ2,208,48
3LQUrpSADx8,PLUl4u3cNGP62WVs95MNq3dQBqY2vGOtQ2,276,49
TSmui37yrL8,PLUl4u3cNGP62WVs95MNq3dQBqY2vGOtQ2,192,50
a2xqcqRYosg,PLUl4u3cNGP62EJXwSgoVRfh1tEiSc01bh,7574,1
4-YaJUUTrNw,PLUl4u3cNGP62EJXwSgoVRfh1tEiSc01bh,785,2
Tj3Hpf_HMk4,PLUl4u3cNGP62EJXwSgoVRfh1tEiSc01bh,1106,3
6mndLA1SceA,PLUl4u3cNGP62EJXwSgoVRfh1tEiSc01bh,705,4
odOULv5UqAg,PLUl4u3cNGP62EJXwSgoVRfh1tEiSc01bh,421,5
xdm3Jz3IgwE,PLUl4u3cNGP62EJXwSgoVRfh1tEiSc01bh,1256,6
o96K8fkOrG8,PLUl4u3cNGP62EJXwSgoVRfh1tEiSc01bh,775,7
-7_Q3G1za30,PLUl4u3cNGP62EJXwSgoVRfh1tEiSc01bh,4248,8
vGyHgaXnAMA,PLUl4u3cNGP62EJXwSgoVRfh1tEiSc01bh,2327,9
pRmUADgEf98,PLUl4u3cNGP62EJXwSgoVRfh1tEiSc01bh,408,10
qNzfiYTo50I,PLUl4u3cNGP62EJXwSgoVRfh1tEiSc01bh,1376,11
0sGhEhOffUE,PLUl4u3cNGP62EJXwSgoVRfh1tEiSc01bh,641,12
-MJrb7xScbU,PLUl4u3cNGP62EJXwSgoVRfh1tEiSc01bh,2546,13
LqwvVAtEIx8,PLUl4u3cNGP62EJXwSgoVRfh1tEiSc01bh,547,14
Sml2lkWfd1g,PLUl4u3cNGP62EJXwSgoVRfh1tEiSc01bh,253,15
yb-cS9xeNqs,PLUl4u3cNGP62EJXwSgoVRfh1tEiSc01bh,153,16
1Ed3U4rmyXU,PLUl4u3cNGP62EJXwSgoVRfh1tEiSc01bh,718,17
MloLY1k3rLg,PLUl4u3cNGP62EJXwSgoVRfh1tEiSc01bh,267,18
zH76mIS0ARs,PLUl4u3cNGP62EJXwSgoVRfh1tEiSc01bh,635,19
EmeWBxXlzKA,PLUl4u3cNGP62EJXwSgoVRfh1tEiSc01bh,504,20
n9eMl6uLZeU,PLUl4u3cNGP62EJXwSgoVRfh1tEiSc01bh,530,21
koHirQQ-Td0,PLUl4u3cNGP62EJXwSgoVRfh1tEiSc01bh,195,22
aOiW2XRxEcY,PLUl4u3cNGP62EJXwSgoVRfh1tEiSc01bh,628,23
cFZaKWiBD6I,PLUl4u3cNGP62EJXwSgoVRfh1tEiSc01bh,1866,24
peJUDjHJGb4,PLUl4u3cNGP62EJXwSgoVRfh1tEiSc01bh,1743,25
80hnG8EH5tA,PLUl4u3cNGP62EJXwSgoVRfh1tEiSc01bh,1354,26
5An3DOfA0Zk,PLUl4u3cNGP62EJXwSgoVRfh1tEiSc01bh,454,27
_OZXEb8FxZQ,PLUl4u3cNGP60Zcz8LnCDFI8RPqRhJbb4L,66284,1
dodj1I-IjWM,PLUl4u3cNGP60Zcz8LnCDFI8RPqRhJbb4L,10019,2
-pMowqywuIY,PLUl4u3cNGP60Zcz8LnCDFI8RPqRhJbb4L,6080,3
_bTZbn7M2Hc,PLUl4u3cNGP60Zcz8LnCDFI8RPqRhJbb4L,6532,4
_p3NpyfNp78,PLUl4u3cNGP60Zcz8LnCDFI8RPqRhJbb4L,4393,5
jhIU1msmvaY,PLUl4u3cNGP60Zcz8LnCDFI8RPqRhJbb4L,4762,6
9JhX_UNcQvE,PLUl4u3cNGP60Zcz8LnCDFI8RPqRhJbb4L,6965,7
_85xTt0cU3s,PLUl4u3cNGP60Zcz8LnCDFI8RPqRhJbb4L,2775,8
R6RePgr4oBo,PLUl4u3cNGP60Zcz8LnCDFI8RPqRhJbb4L,2516,9
Du9eDHwGeAw,PLUl4u3cNGP60Zcz8LnCDFI8RPqRhJbb4L,2439,10
A4-kg_F34qc,PLUl4u3cNGP60Zcz8LnCDFI8RPqRhJbb4L,1901,11
nYlmkoiq4CI,PLUl4u3cNGP60Zcz8LnCDFI8RPqRhJbb4L,1194,12
FXRRP-PB4Bk,PLUl4u3cNGP60Zcz8LnCDFI8RPqRhJbb4L,1935,13
2-Td1mID8oQ,PLUl4u3cNGP60Zcz8LnCDFI8RPqRhJbb4L,2257,14
tl7q_VZ3eIQ,PLUl4u3cNGP60Zcz8LnCDFI8RPqRhJbb4L,2929,15
lr4HqQ_sLO0,PLUl4u3cNGP60Zcz8LnCDFI8RPqRhJbb4L,10709,16
67yCE-yt0T8,PLUl4u3cNGP60Zcz8LnCDFI8RPqRhJbb4L,2077,17
Y5oTQvNt47I,PLUl4u3cNGP60Zcz8LnCDFI8RPqRhJbb4L,1641,18
KYabRbRR-dU,PLUl4u3cNGP60Zcz8LnCDFI8RPqRhJbb4L,2299,19
mas9avjieP0,PLUl4u3cNGP60Zcz8LnCDFI8RPqRhJbb4L,2167,20
33kB8JQRpjI,PLUl4u3cNGP60Zcz8LnCDFI8RPqRhJbb4L,1296,21
WlZf4aOkNMQ,PLUl4u3cNGP60Zcz8LnCDFI8RPqRhJbb4L,10530,22
N9f0MIzNcmI,PLUl4u3cNGP60Zcz8LnCDFI8RPqRhJbb4L,2671,23
NSac7cMQnJw,PLUl4u3cNGP60Zcz8LnCDFI8RPqRhJbb4L,1945,24
wULHVefheCU,PLUl4u3cNGP60Zcz8LnCDFI8RPqRhJbb4L,1626,25
4BM58741VOg,PLUl4u3cNGP60Zcz8LnCDFI8RPqRhJbb4L,2435,26
7Y5me3mwXpA,PLUl4u3cNGP60Zcz8LnCDFI8RPqRhJbb4L,4803,27
loVzNly0Gyw,PLUl4u3cNGP60Zcz8LnCDFI8RPqRhJbb4L,1974,28
eRFQL3o4DO4,PLUl4u3cNGP60Zcz8LnCDFI8RPqRhJbb4L,1767,29
83lPKkTfGlY,PLUl4u3cNGP60Zcz8LnCDFI8RPqRhJbb4L,1991,30
bD0CFnI9eug,PLUl4u3cNGP60Zcz8LnCDFI8RPqRhJbb4L,1993,31
qaj4u42XZLg,PLUl4u3cNGP60Zcz8LnCDFI8RPqRhJbb4L,1396,32
lw5ka_lJFkU,PLUl4u3cNGP60Zcz8LnCDFI8RPqRhJbb4L,950,33
BiLtNbncW8o,PLUl4u3cNGP60Zcz8LnCDFI8RPqRhJbb4L,912,34
Prx5mnE7BUM,PLUl4u3cNGP60Zcz8LnCDFI8RPqRhJbb4L,2324,35
_WwudFI6YRs,PLUl4u3cNGP60Zcz8LnCDFI8RPqRhJbb4L,1494,36
oyU5uvPqzkE,PLUl4u3cNGP60Zcz8LnCDFI8RPqRhJbb4L,1308,37
dNKAsbdHDCs,PLUl4u3cNGP60Zcz8LnCDFI8RPqRhJbb4L,1192,38
kPxBd_S5tsA,PLUl4u3cNGP60Zcz8LnCDFI8RPqRhJbb4L,1725,39
qk6l3z5ab0o,PLUl4u3cNGP60Zcz8LnCDFI8RPqRhJbb4L,1432,40
FA11OqJYnaE,PLUl4u3cNGP60Zcz8LnCDFI8RPqRhJbb4L,2182,41
nd_sryUc1tc,PLUl4u3cNGP60Zcz8LnCDFI8RPqRhJbb4L,883,42
wWPh_6ex8qw,PLUl4u3cNGP60Zcz8LnCDFI8RPqRhJbb4L,1063,43
sv1hK_dLVzE,PLUl4u3cNGP60Zcz8LnCDFI8RPqRhJbb4L,1230,44
IqyTq4n1f2g,PLUl4u3cNGP60Zcz8LnCDFI8RPqRhJbb4L,984,45
TDYMriH63us,PLUl4u3cNGP60Zcz8LnCDFI8RPqRhJbb4L,895,46
OyZbj4_P7JM,PLUl4u3cNGP60Zcz8LnCDFI8RPqRhJbb4L,678,47
xHE5uf-S9Iw,PLUl4u3cNGP60Zcz8LnCDFI8RPqRhJbb4L,767,48
pBvHt3Nea6Q,PLUl4u3cNGP60Zcz8LnCDFI8RPqRhJbb4L,990,49
PAlB9kA7c-s,PLUl4u3cNGP60Zcz8LnCDFI8RPqRhJbb4L,767,50
XxRjzphItU0,PLUl4u3cNGP62RsEHXe48Imi9-87FzQaJg,45128,1
_TEMQhpsGFg,PLUl4u3cNGP62RsEHXe48Imi9-87FzQaJg,8181,2
geKBtyDcZZY,PLUl4u3cNGP62RsEHXe48Imi9-87FzQaJg,5469,3
SSVdDcC2LrQ,PLUl4u3cNGP62RsEHXe48Imi9-87FzQaJg,3853,4
S-_PFdnImLM,PLUl4u3cNGP62RsEHXe48Imi9-87FzQaJg,4510,5
4bfrkd8_zPo,PLUl4u3cNGP62RsEHXe48Imi9-87FzQaJg,1643,6
YmP1BADSAnc,PLUl4u3cNGP62RsEHXe48Imi9-87FzQaJg,2153,7
N4vMgwWT-80,PLUl4u3cNGP62RsEHXe48Imi9-87FzQaJg,3097,8
3RGYj06NSTI,PLUl4u3cNGP62RsEHXe48Imi9-87FzQaJg,2837,9
9WthWtTxdj0,PLUl4u3cNGP62RsEHXe48Imi9-87FzQaJg,2212,10
IZ405_YLKJQ,PLUl4u3cNGP62RsEHXe48Imi9-87FzQaJg,851,11
dHXZ2bFV6EE,PLUl4u3cNGP62RsEHXe48Imi9-87FzQaJg,588,12
zwz9M1XNn-c,PLUl4u3cNGP62RsEHXe48Imi9-87FzQaJg,1302,13
zwH9MjZl3v4,PLUl4u3cNGP62RsEHXe48Imi9-87FzQaJg,697,14
yBCdnNIAiQg,PLUl4u3cNGP62RsEHXe48Imi9-87FzQaJg,1219,15
YKfoSx16mXk,PLUl4u3cNGP62RsEHXe48Imi9-87FzQaJg,607,16
lfH99vfhiI4,PLUl4u3cNGP62RsEHXe48Imi9-87FzQaJg,2267,17
6wbWEDAg3B0,PLUl4u3cNGP62RsEHXe48Imi9-87FzQaJg,696,18
_iSqhxWjkq8,PLUl4u3cNGP62RsEHXe48Imi9-87FzQaJg,1906,19
8kM9quINTHI,PLUl4u3cNGP62RsEHXe48Imi9-87FzQaJg,4172,20
zq0KO8Gmrm0,PLUl4u3cNGP62RsEHXe48Imi9-87FzQaJg,993,21
DpNZ70Uam0M,PLUl4u3cNGP62RsEHXe48Imi9-87FzQaJg,2063,22
JzW4RYICOdA,PLUl4u3cNGP62RsEHXe48Imi9-87FzQaJg,1146,23
IoED49Ha8-o,PLUl4u3cNGP62RsEHXe48Imi9-87FzQaJg,1662,24
mPSDaN4AJl8,PLUl4u3cNGP62RsEHXe48Imi9-87FzQaJg,1124,25
sZlTriaYRM0,PLUl4u3cNGP62RsEHXe48Imi9-87FzQaJg,1174,26
Z0ALwCckM24,PLUl4u3cNGP62RsEHXe48Imi9-87FzQaJg,462,27
BOryXuUMjI0,PLUl4u3cNGP62RsEHXe48Imi9-87FzQaJg,6725,28
6dJnvu3-LeU,PLUl4u3cNGP62RsEHXe48Imi9-87FzQaJg,1795,29
zR6vXHHQZZA,PLUl4u3cNGP62RsEHXe48Imi9-87FzQaJg,1964,30
MAbnZhFX3nk,PLUl4u3cNGP62RsEHXe48Imi9-87FzQaJg,1073,31
QkMB_0jOvVA,PLUl4u3cNGP62RsEHXe48Imi9-87FzQaJg,929,32
gkRRlmes_jE,PLUl4u3cNGP62RsEHXe48Imi9-87FzQaJg,2661,33
6ROuKtm5zds,PLUl4u3cNGP62RsEHXe48Imi9-87FzQaJg,1567,34
RGskPrZopRE,PLUl4u3cNGP62RsEHXe48Imi9-87FzQaJg,764,35
BEs4K6LSGzo,PLUl4u3cNGP62RsEHXe48Imi9-87FzQaJg,4014,36
PoFDK7Kwx1o,PLUl4u3cNGP63vvR4xtexZdoPywRYIZI0-,6240,1
jrCjdjLTQKk,PLUl4u3cNGP63vvR4xtexZdoPywRYIZI0-,3239,2
tEMkDHV2uU8,PLUl4u3cNGP63vvR4xtexZdoPywRYIZI0-,1432,3
qDBdd9-T8lg,PLUl4u3cNGP63vvR4xtexZdoPywRYIZI0-,1006,4
0dJS3YUxeXI,PLUl4u3cNGP63vvR4xtexZdoPywRYIZI0-,734,5
D9QJ44zENbU,PLUl4u3cNGP63vvR4xtexZdoPywRYIZI0-,479,6
RBH2RVDrJYI,PLUl4u3cNGP63vvR4xtexZdoPywRYIZI0-,951,7
OrCYxJz2Hlc,PLUl4u3cNGP63vvR4xtexZdoPywRYIZI0-,345,8
PgMAfWpOuf0,PLUl4u3cNGP63vvR4xtexZdoPywRYIZI0-,456,9
VUGsZgQaAZs,PLUl4u3cNGP63vvR4xtexZdoPywRYIZI0-,690,10
_kx9OzsCL4I,PLUl4u3cNGP63vvR4xtexZdoPywRYIZI0-,268,11
siP7IXbPGmw,PLUl4u3cNGP63vvR4xtexZdoPywRYIZI0-,684,12
H0ubjnHa5rY,PLUl4u3cNGP63vvR4xtexZdoPywRYIZI0-,335,13
noKXLhp6jbk,PLUl4u3cNGP63vvR4xtexZdoPywRYIZI0-,200,14
EHtOYlvWE6k,PLUl4u3cNGP63vvR4xtexZdoPywRYIZI0-,250,15
CCbvqDuPr_I,PLUl4u3cNGP63vvR4xtexZdoPywRYIZI0-,412,16
uS42vSWEGTU,PLUl4u3cNGP63vvR4xtexZdoPywRYIZI0-,230,17
aCdDB6AsnSY,PLUl4u3cNGP63vvR4xtexZdoPywRYIZI0-,279,18
_Rcd-NZwoi4,PLUl4u3cNGP63vvR4xtexZdoPywRYIZI0-,332,19
Klw2POjgzVo,PLUl4u3cNGP63vvR4xtexZdoPywRYIZI0-,274,20
zLJZY6VOO6w,PLUl4u3cNGP63vvR4xtexZdoPywRYIZI0-,240,21
5BVGTxRKwOw,PLUl4u3cNGP63vvR4xtexZdoPywRYIZI0-,496,22
q9nCI-8gYVE,PLUl4u3cNGP63vvR4xtexZdoPywRYIZI0-,307,23
046HoQGN5F4,PLUl4u3cNGP63vvR4xtexZdoPywRYIZI0-,156,24
0mdGZG9DDJY,PLUl4u3cNGP63vvR4xtexZdoPywRYIZI0-,331,25
0fm50-F9934,PLUl4u3cNGP63vvR4xtexZdoPywRYIZI0-,422,26
RfEmF7LgU7Y,PLUl4u3cNGP63vvR4xtexZdoPywRYIZI0-,1266,27
u5uvIbaIl3U,PLUl4u3cNGP63vvR4xtexZdoPywRYIZI0-,271,28
j8ygU5VT8BQ,PLUl4u3cNGP63vvR4xtexZdoPywRYIZI0-,276,29
UYGXwem3vN0,PLUl4u3cNGP63vvR4xtexZdoPywRYIZI0-,144,30
6QK1PUjCkDY,PLUl4u3cNGP63vvR4xtexZdoPywRYIZI0-,155,31
JB1YIT1Z-oE,PLUl4u3cNGP63vvR4xtexZdoPywRYIZI0-,782,32
jg7XtfWa_Yg,PLUl4u3cNGP63vvR4xtexZdoPywRYIZI0-,135,33
O1_f7Pu60Bk,PLUl4u3cNGP63vvR4xtexZdoPywRYIZI0-,82,34
9zqKwTpT0eA,PLUl4u3cNGP63vvR4xtexZdoPywRYIZI0-,201,35
w4nmIfPJe9E,PLUl4u3cNGP63vvR4xtexZdoPywRYIZI0-,229,36
HOXw6_ztAqQ,PLUl4u3cNGP63vvR4xtexZdoPywRYIZI0-,3095,37
WEH-ttvMmxc,PLUl4u3cNGP63vvR4xtexZdoPywRYIZI0-,115,38
G0pi_kU22lQ,PLUl4u3cNGP63vvR4xtexZdoPywRYIZI0-,632,39
60m8qBOD_nM,PLUl4u3cNGP63vvR4xtexZdoPywRYIZI0-,388,40
Tl9wrTWiFQY,PLUl4u3cNGP63vvR4xtexZdoPywRYIZI0-,75,41
UzMEzYQOFRA,PLUl4u3cNGP63vvR4xtexZdoPywRYIZI0-,277,42
vVkrHN-wnQM,PLUl4u3cNGP63vvR4xtexZdoPywRYIZI0-,168,43
IcyblGdCVr4,PLUl4u3cNGP63vvR4xtexZdoPywRYIZI0-,199,44
JbV0aUHvROc,PLUl4u3cNGP63vvR4xtexZdoPywRYIZI0-,168,45
Dz8G2XoPrkM,PLUl4u3cNGP63vvR4xtexZdoPywRYIZI0-,362,46
itczDSdRY00,PLUl4u3cNGP63vvR4xtexZdoPywRYIZI0-,142,47
3cwTBMI346I,PLUl4u3cNGP63vvR4xtexZdoPywRYIZI0-,602,48
Jn-Bkwf77SQ,PLUl4u3cNGP63vvR4xtexZdoPywRYIZI0-,217,49
wzB8Rhm3xCU,PLUl4u3cNGP62AU7iNniqVoMl8C64tIOVk,15531,1
JPCA2qE9MSw,PLUl4u3cNGP62AU7iNniqVoMl8C64tIOVk,2429,2
MlDdfgjpBe0,PLUl4u3cNGP62AU7iNniqVoMl8C64tIOVk,679,3
h5x7-zejY8c,PLUl4u3cNGP62AU7iNniqVoMl8C64tIOVk,552,4
aLqEG43nKVE,PLUl4u3cNGP62AU7iNniqVoMl8C64tIOVk,309,5
dttSgzTJKK4,PLUl4u3cNGP62AU7iNniqVoMl8C64tIOVk,297,6
YGpxOuDJdJw,PLUl4u3cNGP62AU7iNniqVoMl8C64tIOVk,1091,7
Wlz_17id1BM,PLUl4u3cNGP62AU7iNniqVoMl8C64tIOVk,324,8
Tsn0xSQjo14,PLUl4u3cNGP62AU7iNniqVoMl8C64tIOVk,286,9
avWOCswUJyI,PLUl4u3cNGP62AU7iNniqVoMl8C64tIOVk,228,10
_FTwuE36SUA,PLUl4u3cNGP62AU7iNniqVoMl8C64tIOVk,767,11
mp7Nz8CUPBM,PLUl4u3cNGP62AU7iNniqVoMl8C64tIOVk,288,12
K2g0trGAfgo,PLUl4u3cNGP62AU7iNniqVoMl8C64tIOVk,395,13
I2K5WnG_TLs,PLUl4u3cNGP62AU7iNniqVoMl8C64tIOVk,261,14
CJehtdXHR7Q,PLUl4u3cNGP62AU7iNniqVoMl8C64tIOVk,300,15
K7lqWX6fq-Q,PLUl4u3cNGP62AU7iNniqVoMl8C64tIOVk,810,16
G1sBybS2M48,PLUl4u3cNGP62AU7iNniqVoMl8C64tIOVk,1062,17
S5HmxtARo8Q,PLUl4u3cNGP63QSCvqM7qgvn66CiR8cz2d,11916,1
TtaWB0bL3zQ,PLUl4u3cNGP63QSCvqM7qgvn66CiR8cz2d,3014,2
w7Eao7aBIlw,PLUl4u3cNGP63QSCvqM7qgvn66CiR8cz2d,721,3
SvfXfwOWv8A,PLUl4u3cNGP63QSCvqM7qgvn66CiR8cz2d,312,4
pXQLdl4KUUU,PLUl4u3cNGP63QSCvqM7qgvn66CiR8cz2d,731,5
JrP0kUuZv20,PLUl4u3cNGP63QSCvqM7qgvn66CiR8cz2d,386,6
vAuJO7rv92U,PLUl4u3cNGP63QSCvqM7qgvn66CiR8cz2d,478,7
9T89uDdO7UI,PLUl4u3cNGP63QSCvqM7qgvn66CiR8cz2d,491,8
K0_VieRmuq4,PLUl4u3cNGP63QSCvqM7qgvn66CiR8cz2d,267,9
W5AMaIxtHZc,PLUl4u3cNGP63QSCvqM7qgvn66CiR8cz2d,290,10
ag7TLcT7VPQ,PLUl4u3cNGP61Q_FSXJUGkDJs1SMj5teGq,41907,1
-mW-DYFyGqg,PLUl4u3cNGP61Q_FSXJUGkDJs1SMj5teGq,16936,2
Vd6yR63nfHY,PLUl4u3cNGP61Q_FSXJUGkDJs1SMj5teGq,6735,3
9lMOz_7bIGU,PLUl4u3cNGP61Q_FSXJUGkDJs1SMj5teGq,4446,4
oAW8AgU0FE4,PLUl4u3cNGP61Q_FSXJUGkDJs1SMj5teGq,3675,5
08Ih9GGB5-c,PLUl4u3cNGP61Q_FSXJUGkDJs1SMj5teGq,2839,6
QDzTeo6n0Q8,PLUl4u3cNGP61Q_FSXJUGkDJs1SMj5teGq,2805,7
d2CfWJkklvo,PLUl4u3cNGP61Q_FSXJUGkDJs1SMj5teGq,3952,8
E_KUHMuoPLE,PLUl4u3cNGP61Q_FSXJUGkDJs1SMj5teGq,4119,9
MvERdFp8mvI,PLUl4u3cNGP61Q_FSXJUGkDJs1SMj5teGq,3042,10
Cfx7hyAoGL4,PLUl4u3cNGP61Q_FSXJUGkDJs1SMj5teGq,2731,11
Goo1EUY-Y8M,PLUl4u3cNGP61Q_FSXJUGkDJs1SMj5teGq,2762,12
FYXIRXnQ8Fc,PLUl4u3cNGP61Q_FSXJUGkDJs1SMj5teGq,1801,13
dDHsLmwd9No,PLUl4u3cNGP61Q_FSXJUGkDJs1SMj5teGq,1163,14
ktGKsoTGIho,PLUl4u3cNGP61Q_FSXJUGkDJs1SMj5teGq,1731,15
rg0TYEdU0TA,PLUl4u3cNGP61Q_FSXJUGkDJs1SMj5teGq,1441,16
oTnXMW4mx-c,PLUl4u3cNGP61Q_FSXJUGkDJs1SMj5teGq,1253,17
jXu7NEuZED4,PLUl4u3cNGP61Q_FSXJUGkDJs1SMj5teGq,1166,18
Q-nk311H-Fw,PLUl4u3cNGP61Q_FSXJUGkDJs1SMj5teGq,911,19
HJGwmvpZOyI,PLUl4u3cNGP61Q_FSXJUGkDJs1SMj5teGq,792,20
B0d9FBokqvY,PLUl4u3cNGP61Q_FSXJUGkDJs1SMj5teGq,769,21
Sn-5Dwt_1qw,PLUl4u3cNGP61Q_FSXJUGkDJs1SMj5teGq,1011,22
f-EN4QySwAs,PLUl4u3cNGP61Q_FSXJUGkDJs1SMj5teGq,1523,23
wT3Y2K-fxXw,PLUl4u3cNGP61Q_FSXJUGkDJs1SMj5teGq,2063,24
5tCSR5L4nWI,PLUl4u3cNGP61Q_FSXJUGkDJs1SMj5teGq,1191,25
Du0HgYO3E6U,PLUl4u3cNGP61Q_FSXJUGkDJs1SMj5teGq,1169,26
xxjhXhhcg74,PLUl4u3cNGP61Q_FSXJUGkDJs1SMj5teGq,1056,27
gE1wRDQMR8E,PLUl4u3cNGP61Q_FSXJUGkDJs1SMj5teGq,1028,28
7MAVWhOUTGU,PLUl4u3cNGP61Q_FSXJUGkDJs1SMj5teGq,1359,29
xYnq8nVcN4g,PLUl4u3cNGP61Q_FSXJUGkDJs1SMj5teGq,655,30
WacNWdXhvVM,PLUl4u3cNGP61Q_FSXJUGkDJs1SMj5teGq,1559,31
kYjwB3vfnZg,PLUl4u3cNGP61Q_FSXJUGkDJs1SMj5teGq,1035,32
mwL__eKs3fI,PLUl4u3cNGP61Q_FSXJUGkDJs1SMj5teGq,875,33
j9sl8e7wLnc,PLUl4u3cNGP61Q_FSXJUGkDJs1SMj5teGq,648,34
D2FQ-JnltPw,PLUl4u3cNGP61Q_FSXJUGkDJs1SMj5teGq,805,35
1G6iJmM64LA,PLUl4u3cNGP61Q_FSXJUGkDJs1SMj5teGq,629,36
xAuh5VptDQ4,PLUl4u3cNGP61Q_FSXJUGkDJs1SMj5teGq,859,37
NZbQZVMDeEc,PLUl4u3cNGP61Q_FSXJUGkDJs1SMj5teGq,880,38
4YP38f2u36E,PLUl4u3cNGP61Q_FSXJUGkDJs1SMj5teGq,570,39
RmUVz9jEnzg,PLUl4u3cNGP61Q_FSXJUGkDJs1SMj5teGq,465,40
E16wcCKx89w,PLUl4u3cNGP61Q_FSXJUGkDJs1SMj5teGq,445,41
ruFpq-_wpc0,PLUl4u3cNGP61Q_FSXJUGkDJs1SMj5teGq,856,42
wYcMru4gYF4,PLUl4u3cNGP61Q_FSXJUGkDJs1SMj5teGq,920,43
iq7cPtJzgZM,PLUl4u3cNGP61Q_FSXJUGkDJs1SMj5teGq,701,44
U57wvHVpe-8,PLUl4u3cNGP61Q_FSXJUGkDJs1SMj5teGq,1416,45
JcKvI821H0c,PLUl4u3cNGP61Q_FSXJUGkDJs1SMj5teGq,1140,46
c_2RtTEkyo8,PLUl4u3cNGP61Q_FSXJUGkDJs1SMj5teGq,850,47
D8HcmzYnBv0,PLUl4u3cNGP61Q_FSXJUGkDJs1SMj5teGq,1912,48
o8Zdk_3wVSo,PLUl4u3cNGP61Q_FSXJUGkDJs1SMj5teGq,644,49
m0Yce2rtZJ8,PLUl4u3cNGP61Q_FSXJUGkDJs1SMj5teGq,461,50
mAhtll45Yz8,PLUl4u3cNGP62-sHzh435NhKGnwOkPYk36,7893,1
3WrHSdaC9-A,PLUl4u3cNGP62-sHzh435NhKGnwOkPYk36,539,2
T8IjB94ka2g,PLUl4u3cNGP62-sHzh435NhKGnwOkPYk36,339,3
Qm6ykShr0Pg,PLUl4u3cNGP62-sHzh435NhKGnwOkPYk36,509,4
8fAGSwTwzxI,PLUl4u3cNGP62-sHzh435NhKGnwOkPYk36,334,5
JDRa0SwOf2k,PLUl4u3cNGP62-sHzh435NhKGnwOkPYk36,440,6
g0KqIIEjXiM,PLUl4u3cNGP62-sHzh435NhKGnwOkPYk36,215,7
p8BXCDrYliY,PLUl4u3cNGP62-sHzh435NhKGnwOkPYk36,228,8
m6PnN-aEYbc,PLUl4u3cNGP62-sHzh435NhKGnwOkPYk36,170,9
z_YXJLMpxoM,PLUl4u3cNGP62-sHzh435NhKGnwOkPYk36,95,10
OKAsxiE8ziY,PLUl4u3cNGP62-sHzh435NhKGnwOkPYk36,79,11
MT3LjjdODHA,PLUl4u3cNGP62-sHzh435NhKGnwOkPYk36,96,12
z6kTOFSZZmQ,PLUl4u3cNGP62-sHzh435NhKGnwOkPYk36,174,13
qGr5sdlobCQ,PLUl4u3cNGP62-sHzh435NhKGnwOkPYk36,134,14
TZ0tcovkOp8,PLUl4u3cNGP62-sHzh435NhKGnwOkPYk36,131,15
R5o6Yr-9om8,PLUl4u3cNGP62-sHzh435NhKGnwOkPYk36,125,16
Mbz648H3IEw,PLUl4u3cNGP62-sHzh435NhKGnwOkPYk36,459,17
v0c2_iigwwM,PLUl4u3cNGP62-sHzh435NhKGnwOkPYk36,65,18
SRp9W3T_sHQ,PLUl4u3cNGP62-sHzh435NhKGnwOkPYk36,60,19
NawhRQ7tZU4,PLUl4u3cNGP62-sHzh435NhKGnwOkPYk36,100,20
Q2uUFNDuRFk,PLUl4u3cNGP62-sHzh435NhKGnwOkPYk36,90,21
WikAwM9Uyas,PLUl4u3cNGP62-sHzh435NhKGnwOkPYk36,52,22
vHflY7UBg70,PLUl4u3cNGP62-sHzh435NhKGnwOkPYk36,131,23
eduHyoNHi4s,PLUl4u3cNGP62-sHzh435NhKGnwOkPYk36,56,24
aRZax7Y2t7g,PLUl4u3cNGP62-sHzh435NhKGnwOkPYk36,142,25
ZAMQEaG1WLk,PLUl4u3cNGP62-sHzh435NhKGnwOkPYk36,43,26
fh1bvrJN4Fc,PLUl4u3cNGP62-sHzh435NhKGnwOkPYk36,40,27
w4h7ZZd-cI0,PLUl4u3cNGP62-sHzh435NhKGnwOkPYk36,30,28
xCpg54xUzLE,PLUl4u3cNGP62-sHzh435NhKGnwOkPYk36,259,29
wuews7bQrAg,PLUl4u3cNGP62-sHzh435NhKGnwOkPYk36,32,30
1Ukb9KNTNkA,PLUl4u3cNGP62-sHzh435NhKGnwOkPYk36,114,31
w-zdunIsHUU,PLUl4u3cNGP62-sHzh435NhKGnwOkPYk36,99,32
_62YvNU_yOM,PLUl4u3cNGP62-sHzh435NhKGnwOkPYk36,89,33
KO6GiBAK7cY,PLUl4u3cNGP62-sHzh435NhKGnwOkPYk36,315,34
_4u9W1xOuts,PLUl4u3cNGP62Bkdzwe7caTZC7soj7ZYvk,18779,1
0wxS1iBHG9U,PLUl4u3cNGP62Bkdzwe7caTZC7soj7ZYvk,1791,2
DdPNsGRIw6o,PLUl4u3cNGP62Bkdzwe7caTZC7soj7ZYvk,3877,3
xmImNoDc9Z4,PLUl4u3cNGP62Bkdzwe7caTZC7soj7ZYvk,5244,4
qgL0cA7GkJo,PLUl4u3cNGP62Bkdzwe7caTZC7soj7ZYvk,1046,5
Tmhe33f9mWA,PLUl4u3cNGP62Bkdzwe7caTZC7soj7ZYvk,2874,6
I2uSCTUHsUI,PLUl4u3cNGP62Bkdzwe7caTZC7soj7ZYvk,1155,7
14UlXIZzwE4,PLUl4u3cNGP62QumaaZtCCjkID-NgqrleA,134927,1
a1RaIqkdG0c,PLUl4u3cNGP62QumaaZtCCjkID-NgqrleA,12293,2
zDHhHPZm2rc,PLUl4u3cNGP62QumaaZtCCjkID-NgqrleA,11570,3
Fp7usgx_CvM,PLUl4u3cNGP62QumaaZtCCjkID-NgqrleA,5564,4
1_0WwiUUsTc,PLUl4u3cNGP62QumaaZtCCjkID-NgqrleA,5829,5
Pe1MBDbGfwc,PLUl4u3cNGP62QumaaZtCCjkID-NgqrleA,3663,6
eSRNeIyX5dY,PLUl4u3cNGP62QumaaZtCCjkID-NgqrleA,3117,7
auK3PSZoidc,PLUl4u3cNGP62QumaaZtCCjkID-NgqrleA,269400,8
9TtLlVBjvR0,PLUl4u3cNGP62QumaaZtCCjkID-NgqrleA,4826,9
zgk93CwMVk8,PLUl4u3cNGP62QumaaZtCCjkID-NgqrleA,2284,10
6FYk-3vt4FE,PLUl4u3cNGP62QumaaZtCCjkID-NgqrleA,2497,11
57uqU8G_z0E,PLUl4u3cNGP6393Jj6WMmNd1_pOs0UDq2R,13983,1
d7_bZxCErjo,PLUl4u3cNGP6393Jj6WMmNd1_pOs0UDq2R,6796,2
-GXIkn_ecKY,PLUl4u3cNGP6393Jj6WMmNd1_pOs0UDq2R,6558,3
4sgPXcoN59w,PLUl4u3cNGP6393Jj6WMmNd1_pOs0UDq2R,486,4
zHcHGFvd7Vw,PLUl4u3cNGP6393Jj6WMmNd1_pOs0UDq2R,549,5
-JtATRj2EG4,PLUl4u3cNGP6393Jj6WMmNd1_pOs0UDq2R,285,6
WUTak0K4F-Q,PLUl4u3cNGP6393Jj6WMmNd1_pOs0UDq2R,231,7
xvv_edVc-ME,PLUl4u3cNGP6393Jj6WMmNd1_pOs0UDq2R,1095,8
fuHgW6Z4nW0,PLUl4u3cNGP6393Jj6WMmNd1_pOs0UDq2R,387,9
6yXA-M8WAY8,PLUl4u3cNGP6393Jj6WMmNd1_pOs0UDq2R,306,10
-XivhU1V6KY,PLUl4u3cNGP6393Jj6WMmNd1_pOs0UDq2R,423,11
rub-xoQzlwQ,PLUl4u3cNGP6393Jj6WMmNd1_pOs0UDq2R,226,12
g8BXCaXo6fg,PLUl4u3cNGP6393Jj6WMmNd1_pOs0UDq2R,161,13
oyRIkmEU-J0,PLUl4u3cNGP6393Jj6WMmNd1_pOs0UDq2R,664,14
c5zGa2Yt7mw,PLUl4u3cNGP6393Jj6WMmNd1_pOs0UDq2R,754,15
xYi0bz-QgEw,PLUl4u3cNGP6393Jj6WMmNd1_pOs0UDq2R,126,16
OIF-J1-Afs8,PLUl4u3cNGP6393Jj6WMmNd1_pOs0UDq2R,144,17
XLuIf68TJBI,PLUl4u3cNGP6393Jj6WMmNd1_pOs0UDq2R,170,18
YcuKaphreT0,PLUl4u3cNGP6393Jj6WMmNd1_pOs0UDq2R,318,19
vcnmiPAeNFE,PLUl4u3cNGP6393Jj6WMmNd1_pOs0UDq2R,185,20
B6mK4IyRYiA,PLUl4u3cNGP6393Jj6WMmNd1_pOs0UDq2R,275,21
kHPWYeJ1ISI,PLUl4u3cNGP6393Jj6WMmNd1_pOs0UDq2R,324,22
4Y9OO9AepgU,PLUl4u3cNGP6393Jj6WMmNd1_pOs0UDq2R,175,23
_yornlzBHL4,PLUl4u3cNGP6393Jj6WMmNd1_pOs0UDq2R,89,24
N-VHewPgPP8,PLUl4u3cNGP6393Jj6WMmNd1_pOs0UDq2R,221,25
79noW-0WuAI,PLUl4u3cNGP6393Jj6WMmNd1_pOs0UDq2R,159,26
NwbPgoCW5Ro,PLUl4u3cNGP6393Jj6WMmNd1_pOs0UDq2R,173,27
RzbWSnb3kHs,PLUl4u3cNGP6393Jj6WMmNd1_pOs0UDq2R,757,28
N1PimixqqXQ,PLUl4u3cNGP6393Jj6WMmNd1_pOs0UDq2R,155,29
OWoeymcWpPw,PLUl4u3cNGP6393Jj6WMmNd1_pOs0UDq2R,189,30
ylH5uD3mGDo,PLUl4u3cNGP6393Jj6WMmNd1_pOs0UDq2R,529,31
pGqJkKxpBl0,PLUl4u3cNGP6393Jj6WMmNd1_pOs0UDq2R,259,32
lSUET2RmOh4,PLUl4u3cNGP6393Jj6WMmNd1_pOs0UDq2R,220,33
3DizXXZ5qN8,PLUl4u3cNGP6393Jj6WMmNd1_pOs0UDq2R,75,34
lpclkNdPQP0,PLUl4u3cNGP6393Jj6WMmNd1_pOs0UDq2R,92,35
A77qVe-U0iw,PLUl4u3cNGP6393Jj6WMmNd1_pOs0UDq2R,119,36
fSxEbNrIj2M,PLUl4u3cNGP6393Jj6WMmNd1_pOs0UDq2R,106,37
cP0IeaqnAjU,PLUl4u3cNGP6393Jj6WMmNd1_pOs0UDq2R,161,38
SDTtTSHr_yE,PLUl4u3cNGP6393Jj6WMmNd1_pOs0UDq2R,331,39
8eOshgFmmgA,PLUl4u3cNGP6393Jj6WMmNd1_pOs0UDq2R,326,40
ECmy2HP1gwA,PLUl4u3cNGP6393Jj6WMmNd1_pOs0UDq2R,180,41
7AEqqdUtopA,PLUl4u3cNGP6393Jj6WMmNd1_pOs0UDq2R,665,42
gcs7PQaQeS4,PLUl4u3cNGP6393Jj6WMmNd1_pOs0UDq2R,1014,43
w_Ufl9paaBc,PLUl4u3cNGP6393Jj6WMmNd1_pOs0UDq2R,1202,44
BH64jOFmxuw,PLUl4u3cNGP6393Jj6WMmNd1_pOs0UDq2R,206,45
bHTpiafiYsY,PLUl4u3cNGP6393Jj6WMmNd1_pOs0UDq2R,203,46
uyZkD_6fd9c,PLUl4u3cNGP6393Jj6WMmNd1_pOs0UDq2R,1627,47
GA5UVgowUKc,PLUl4u3cNGP6393Jj6WMmNd1_pOs0UDq2R,231,48
GUgIh6ff86Y,PLUl4u3cNGP62_Q5XDq5DAoQznJqM_BnTv,10719,1
cZAM2Co3tzo,PLUl4u3cNGP62_Q5XDq5DAoQznJqM_BnTv,2305,2
lAuAC4hz5rc,PLUl4u3cNGP62_Q5XDq5DAoQznJqM_BnTv,1924,3
9Dwl2FbEc5E,PLUl4u3cNGP62_Q5XDq5DAoQznJqM_BnTv,1178,4
cektQp7QQhk,PLUl4u3cNGP62_Q5XDq5DAoQznJqM_BnTv,863,5
0oUSmdQ-WaA,PLUl4u3cNGP62_Q5XDq5DAoQznJqM_BnTv,1223,6
gDzWxDqb8Xg,PLUl4u3cNGP62_Q5XDq5DAoQznJqM_BnTv,903,7
7Knpp3AIteQ,PLUl4u3cNGP62_Q5XDq5DAoQznJqM_BnTv,712,8
wwQu2_u8jeo,PLUl4u3cNGP62_Q5XDq5DAoQznJqM_BnTv,997,9
fTACO13q2oU,PLUl4u3cNGP62_Q5XDq5DAoQznJqM_BnTv,559,10
8P2AvGGtm_A,PLUl4u3cNGP62_Q5XDq5DAoQznJqM_BnTv,1784,11
j4b9U9m9MQA,PLUl4u3cNGP61xqZslNqA-MO4n6MHG2Dio,4291,1
lsf0_6DAFOM,PLUl4u3cNGP61xqZslNqA-MO4n6MHG2Dio,482,2
_uq3aNIM-IU,PLUl4u3cNGP61xqZslNqA-MO4n6MHG2Dio,410,3
wbAC6IQtgAU,PLUl4u3cNGP61xqZslNqA-MO4n6MHG2Dio,282,4
9UDkcGjF4jU,PLUl4u3cNGP61xqZslNqA-MO4n6MHG2Dio,418,5
jBoDIObtJQw,PLUl4u3cNGP61xqZslNqA-MO4n6MHG2Dio,319,6
GRc5GKMNuho,PLUl4u3cNGP61xqZslNqA-MO4n6MHG2Dio,559,7
8C2M48Bc5Fw,PLUl4u3cNGP61xqZslNqA-MO4n6MHG2Dio,376,8
_svW8NV1A6k,PLUl4u3cNGP61RTZrT3MIAikp2G5EEvTjf,33847,1
3Mvzp5xvEXA,PLUl4u3cNGP61RTZrT3MIAikp2G5EEvTjf,17020,2
zAx-EEelmLc,PLUl4u3cNGP61RTZrT3MIAikp2G5EEvTjf,5497,3
Ch56tU3wb9c,PLUl4u3cNGP61RTZrT3MIAikp2G5EEvTjf,3629,4
AWYzdtetQbE,PLUl4u3cNGP61RTZrT3MIAikp2G5EEvTjf,1832,5
8PcPpVQK7N8,PLUl4u3cNGP61RTZrT3MIAikp2G5EEvTjf,1534,6
vmE4N0m67AA,PLUl4u3cNGP61RTZrT3MIAikp2G5EEvTjf,3683,7
fmx5Yj95sgQ,PLUl4u3cNGP61RTZrT3MIAikp2G5EEvTjf,1766,8
RTmoWFZQ-WE,PLUl4u3cNGP61RTZrT3MIAikp2G5EEvTjf,2518,9
Pwm6DqdC4pU,PLUl4u3cNGP61RTZrT3MIAikp2G5EEvTjf,4289,10
hfryF7_QU2c,PLUl4u3cNGP61RTZrT3MIAikp2G5EEvTjf,1478,11
dfsPKoHv_F4,PLUl4u3cNGP61RTZrT3MIAikp2G5EEvTjf,1091,12
6iW0beoK2tI,PLUl4u3cNGP61RTZrT3MIAikp2G5EEvTjf,1789,13
6nfmDpar0fQ,PLUl4u3cNGP61RTZrT3MIAikp2G5EEvTjf,714,14
l1t2_5UZhPA,PLUl4u3cNGP61RTZrT3MIAikp2G5EEvTjf,1044,15
GXuI9fKDxso,PLUl4u3cNGP61RTZrT3MIAikp2G5EEvTjf,746,16
-05tcR4izaw,PLUl4u3cNGP61RTZrT3MIAikp2G5EEvTjf,963,17
zHa-n2M7Bj8,PLUl4u3cNGP61RTZrT3MIAikp2G5EEvTjf,750,18
GGakcLdPWl4,PLUl4u3cNGP61RTZrT3MIAikp2G5EEvTjf,681,19
ggcbVV3Tquo,PLUl4u3cNGP61RTZrT3MIAikp2G5EEvTjf,703,20
Xj4nKgJW5yE,PLUl4u3cNGP61RTZrT3MIAikp2G5EEvTjf,455,21
43kansULeBE,PLUl4u3cNGP61RTZrT3MIAikp2G5EEvTjf,984,22
eKKXJyabCAQ,PLUl4u3cNGP61RTZrT3MIAikp2G5EEvTjf,986,23
TjrRSOHQACw,PLUl4u3cNGP61RTZrT3MIAikp2G5EEvTjf,449,24
yEbr410E2RE,PLUl4u3cNGP61RTZrT3MIAikp2G5EEvTjf,614,25
NRygklHAoEw,PLUl4u3cNGP61RTZrT3MIAikp2G5EEvTjf,441,26
7XvgBI2KV28,PLUl4u3cNGP61RTZrT3MIAikp2G5EEvTjf,9018,27
A4R2PQOHT2w,PLUl4u3cNGP61RTZrT3MIAikp2G5EEvTjf,637,28
HA4undazeF0,PLUl4u3cNGP61RTZrT3MIAikp2G5EEvTjf,2577,29
hRAlCx8Xd0Q,PLUl4u3cNGP61RTZrT3MIAikp2G5EEvTjf,525,30
i0-2sd9RQ6E,PLUl4u3cNGP61RTZrT3MIAikp2G5EEvTjf,856,31
hWabPMYZzmo,PLUl4u3cNGP61RTZrT3MIAikp2G5EEvTjf,510,32
HCBaApqRqSg,PLUl4u3cNGP61RTZrT3MIAikp2G5EEvTjf,1075,33
PlAelAX6gSU,PLUl4u3cNGP61RTZrT3MIAikp2G5EEvTjf,445,34
S7M9hXsCRFI,PLUl4u3cNGP61RTZrT3MIAikp2G5EEvTjf,1502,35
7eUfAb8de8c,PLUl4u3cNGP61RTZrT3MIAikp2G5EEvTjf,533,36
Em9I6XTQA3I,PLUl4u3cNGP61RTZrT3MIAikp2G5EEvTjf,491,37
juRiFivEj8s,PLUl4u3cNGP61RTZrT3MIAikp2G5EEvTjf,373,38
FndNHiuFeFU,PLUl4u3cNGP61RTZrT3MIAikp2G5EEvTjf,907,39
1kel8U86EVE,PLUl4u3cNGP61RTZrT3MIAikp2G5EEvTjf,2780,40
FRoD9TOJxso,PLUl4u3cNGP61RTZrT3MIAikp2G5EEvTjf,375,41
rUqqquitfMQ,PLUl4u3cNGP61RTZrT3MIAikp2G5EEvTjf,469,42
7BAChnLg8Co,PLUl4u3cNGP61RTZrT3MIAikp2G5EEvTjf,362,43
EAWpLeor4Zk,PLUl4u3cNGP61RTZrT3MIAikp2G5EEvTjf,429,44
D8zaRaVWy9k,PLUl4u3cNGP61RTZrT3MIAikp2G5EEvTjf,781,45
IeD8VXfqPyQ,PLUl4u3cNGP61RTZrT3MIAikp2G5EEvTjf,854,46
opMnuRnfaX0,PLUl4u3cNGP61RTZrT3MIAikp2G5EEvTjf,1503,47
QeHuHti530Q,PLUl4u3cNGP61RTZrT3MIAikp2G5EEvTjf,608,48
3xBTFOxtfNU,PLUl4u3cNGP61RTZrT3MIAikp2G5EEvTjf,783,49
cyQZP23YbCY,PLUl4u3cNGP61RTZrT3MIAikp2G5EEvTjf,1880,50
nOb_iQjTy-Q,PLUl4u3cNGP61R5sPDPKVfcFlu95wSs2Kx,51292,1
4ysFC9vd3GE,PLUl4u3cNGP61R5sPDPKVfcFlu95wSs2Kx,38415,2
T2n6fVybLcU,PLUl4u3cNGP61R5sPDPKVfcFlu95wSs2Kx,13536,3
FCFpaKcpuXQ,PLUl4u3cNGP61R5sPDPKVfcFlu95wSs2Kx,8161,4
BX4QPdP7fT8,PLUl4u3cNGP61R5sPDPKVfcFlu95wSs2Kx,15590,5
I0YACDaY-ww,PLUl4u3cNGP61R5sPDPKVfcFlu95wSs2Kx,5692,6
Ahv7Akj2xs4,PLUl4u3cNGP61R5sPDPKVfcFlu95wSs2Kx,3836,7
b1eKhyC9TTo,PLUl4u3cNGP61R5sPDPKVfcFlu95wSs2Kx,4190,8
J1uHGy1tRmM,PLUl4u3cNGP61R5sPDPKVfcFlu95wSs2Kx,3870,9
1JeBWHzrRD4,PLUl4u3cNGP61R5sPDPKVfcFlu95wSs2Kx,9405,10
SnNmbVH5DAM,PLUl4u3cNGP61R5sPDPKVfcFlu95wSs2Kx,4123,11
RhIh1zw0-BM,PLUl4u3cNGP61R5sPDPKVfcFlu95wSs2Kx,5095,12
8kcvyoHsXrw,PLUl4u3cNGP61R5sPDPKVfcFlu95wSs2Kx,21818,13
QxemLb8-5AA,PLUl4u3cNGP61R5sPDPKVfcFlu95wSs2Kx,10449,14
VGAlyJ7e0IQ,PLUl4u3cNGP61R5sPDPKVfcFlu95wSs2Kx,3248,15
In0E5_JrPpo,PLUl4u3cNGP61R5sPDPKVfcFlu95wSs2Kx,1792,16
_kKIQ1h9UuA,PLUl4u3cNGP61R5sPDPKVfcFlu95wSs2Kx,1976,17
TjxR7lAwWhI,PLUl4u3cNGP61R5sPDPKVfcFlu95wSs2Kx,3135,18
Dlhma3z57SA,PLUl4u3cNGP61R5sPDPKVfcFlu95wSs2Kx,2286,19
sBKHUPDUI1o,PLUl4u3cNGP61R5sPDPKVfcFlu95wSs2Kx,1979,20
VkbtIDSHfSc,PLUl4u3cNGP61R5sPDPKVfcFlu95wSs2Kx,2160,21
mqhO9GT8hD4,PLUl4u3cNGP61R5sPDPKVfcFlu95wSs2Kx,1462,22
FY6iXM9X5Fo,PLUl4u3cNGP61R5sPDPKVfcFlu95wSs2Kx,3095,23
Roj7FVjl-gw,PLUl4u3cNGP61R5sPDPKVfcFlu95wSs2Kx,2027,24
jwh7LqjT4w0,PLUl4u3cNGP61R5sPDPKVfcFlu95wSs2Kx,1371,25
GUgIh6ff86Y,PLUl4u3cNGP61R5sPDPKVfcFlu95wSs2Kx,10719,26
cZAM2Co3tzo,PLUl4u3cNGP61R5sPDPKVfcFlu95wSs2Kx,2305,27
lAuAC4hz5rc,PLUl4u3cNGP61R5sPDPKVfcFlu95wSs2Kx,1924,28
9Dwl2FbEc5E,PLUl4u3cNGP61R5sPDPKVfcFlu95wSs2Kx,1178,29
cektQp7QQhk,PLUl4u3cNGP61R5sPDPKVfcFlu95wSs2Kx,863,30
0oUSmdQ-WaA,PLUl4u3cNGP61R5sPDPKVfcFlu95wSs2Kx,1223,31
gDzWxDqb8Xg,PLUl4u3cNGP61R5sPDPKVfcFlu95wSs2Kx,903,32
7Knpp3AIteQ,PLUl4u3cNGP61R5sPDPKVfcFlu95wSs2Kx,712,33
wwQu2_u8jeo,PLUl4u3cNGP61R5sPDPKVfcFlu95wSs2Kx,997,34
fTACO13q2oU,PLUl4u3cNGP61R5sPDPKVfcFlu95wSs2Kx,559,35
8P2AvGGtm_A,PLUl4u3cNGP61R5sPDPKVfcFlu95wSs2Kx,1784,36
1uW3qMFA9Ho,PLUl4u3cNGP60hI9ATjSFgLZpbNJ7myAg6,98714,1
iQ2edOqEQAs,PLUl4u3cNGP60hI9ATjSFgLZpbNJ7myAg6,35683,2
__T3eJtjoic,PLUl4u3cNGP60hI9ATjSFgLZpbNJ7myAg6,20257,3
pA83XtLeVig,PLUl4u3cNGP60hI9ATjSFgLZpbNJ7myAg6,21692,4
WTyLg_I1oFY,PLUl4u3cNGP60hI9ATjSFgLZpbNJ7myAg6,15948,5
N3I2ZLbh6zQ,PLUl4u3cNGP60hI9ATjSFgLZpbNJ7myAg6,12943,6
AsSQdpZdP8U,PLUl4u3cNGP60hI9ATjSFgLZpbNJ7myAg6,11850,7
NbYB0fiHoCs,PLUl4u3cNGP60hI9ATjSFgLZpbNJ7myAg6,10226,8
mUxg3j_h5GM,PLUl4u3cNGP60hI9ATjSFgLZpbNJ7myAg6,12286,9
uGGTX2ypzKI,PLUl4u3cNGP60hI9ATjSFgLZpbNJ7myAg6,8308,10
-630YTQEuCI,PLUl4u3cNGP60hI9ATjSFgLZpbNJ7myAg6,8001,11
47W1ApSRUqs,PLUl4u3cNGP60hI9ATjSFgLZpbNJ7myAg6,8734,12
pdR9hV8mRWE,PLUl4u3cNGP60hI9ATjSFgLZpbNJ7myAg6,7680,13
kuhlfBPQPq0,PLUl4u3cNGP60hI9ATjSFgLZpbNJ7myAg6,8118,14
Lgacew5BjDI,PLUl4u3cNGP60hI9ATjSFgLZpbNJ7myAg6,6163,15
nYe4OZVCnIs,PLUl4u3cNGP60hI9ATjSFgLZpbNJ7myAg6,6234,16
cCmWW7Hu43A,PLUl4u3cNGP60hI9ATjSFgLZpbNJ7myAg6,6285,17
9QJt03983Gg,PLUl4u3cNGP60hI9ATjSFgLZpbNJ7myAg6,6994,18
MqocbJ-FPo0,PLUl4u3cNGP60hI9ATjSFgLZpbNJ7myAg6,13492,19
YIZd23zGV3M,PLUl4u3cNGP60hI9ATjSFgLZpbNJ7myAg6,19898,20
0xuRh3dz_Nc,PLUl4u3cNGP60hI9ATjSFgLZpbNJ7myAg6,10917,21
B5y6fy5iUtg,PLUl4u3cNGP60hI9ATjSFgLZpbNJ7myAg6,6468,22
MPRKc4UPoJk,PLUl4u3cNGP60hI9ATjSFgLZpbNJ7myAg6,8552,23
YenDB3yOfDc,PLUl4u3cNGP60hI9ATjSFgLZpbNJ7myAg6,6042,24
L_pEeYLGaP0,PLUl4u3cNGP60hI9ATjSFgLZpbNJ7myAg6,6300,25
uL31gpFdarc,PLUl4u3cNGP60hI9ATjSFgLZpbNJ7myAg6,6365,26
ugzs7dgQ-JE,PLUl4u3cNGP60hI9ATjSFgLZpbNJ7myAg6,6356,27
8odFouBR2wE,PLUl4u3cNGP60hI9ATjSFgLZpbNJ7myAg6,8346,28
kz2tvO_ZAKI,PLUl4u3cNGP60hI9ATjSFgLZpbNJ7myAg6,7764,29
QXKgTPR_8wk,PLUl4u3cNGP60hI9ATjSFgLZpbNJ7myAg6,5376,30
rZKUmNvCjis,PLUl4u3cNGP60hI9ATjSFgLZpbNJ7myAg6,5917,31
w423ypsUHf0,PLUl4u3cNGP60hI9ATjSFgLZpbNJ7myAg6,5474,32
JZkT3NU2mPM,PLUl4u3cNGP60hI9ATjSFgLZpbNJ7myAg6,4565,33
7B3cDe39lwY,PLUl4u3cNGP60hI9ATjSFgLZpbNJ7myAg6,9626,34
TAyA-rjmesQ,PLUl4u3cNGP60hI9ATjSFgLZpbNJ7myAg6,7451,35
UbQcqFH33G0,PLUl4u3cNGP60hI9ATjSFgLZpbNJ7myAg6,4514,36
aJXfyfQs2Mc,PLUl4u3cNGP60hI9ATjSFgLZpbNJ7myAg6,6336,37
UDkq_cLVSmc,PLUl4u3cNGP60hI9ATjSFgLZpbNJ7myAg6,5091,38
iPWyElxtk-8,PLUl4u3cNGP60hI9ATjSFgLZpbNJ7myAg6,3707,39
poeHeiiiLKI,PLUl4u3cNGP60hI9ATjSFgLZpbNJ7myAg6,4171,40
-k8WU-KB0rk,PLUl4u3cNGP60hI9ATjSFgLZpbNJ7myAg6,5092,41
KrjZyCRi29o,PLUl4u3cNGP60hI9ATjSFgLZpbNJ7myAg6,3695,42
o_qO7RYBF10,PLUl4u3cNGP60hI9ATjSFgLZpbNJ7myAg6,4558,43
8llkkbCPHb4,PLUl4u3cNGP60hI9ATjSFgLZpbNJ7myAg6,4808,44
2f9EfEga4Oo,PLUl4u3cNGP60hI9ATjSFgLZpbNJ7myAg6,3932,45
hJjiCrdsNV8,PLUl4u3cNGP60hI9ATjSFgLZpbNJ7myAg6,3704,46
IC-pnm6PEGk,PLUl4u3cNGP60hI9ATjSFgLZpbNJ7myAg6,3299,47
5A_H1eHbOCY,PLUl4u3cNGP60hI9ATjSFgLZpbNJ7myAg6,4857,48
ArfHGPHL8kU,PLUl4u3cNGP60hI9ATjSFgLZpbNJ7myAg6,4356,49
vfqPpai_9jI,PLUl4u3cNGP60hI9ATjSFgLZpbNJ7myAg6,6753,50
yqE5O1ef1wY,PLUl4u3cNGP62ihmDWYj4LMPMdHBHiPa_7,20926,1
3XF8HRxS-5g,PLUl4u3cNGP62ihmDWYj4LMPMdHBHiPa_7,6183,2
oIp0_rAEMIs,PLUl4u3cNGP62ihmDWYj4LMPMdHBHiPa_7,8099,3
UmbsTnQ39a4,PLUl4u3cNGP62ihmDWYj4LMPMdHBHiPa_7,4684,4
pP7mt_Ie04Y,PLUl4u3cNGP62ihmDWYj4LMPMdHBHiPa_7,4036,5
oEUo2faDJNA,PLUl4u3cNGP62ihmDWYj4LMPMdHBHiPa_7,5102,6
-Cve_SI6LQs,PLUl4u3cNGP62ihmDWYj4LMPMdHBHiPa_7,3000,7
aSk7YbhON_0,PLUl4u3cNGP62ihmDWYj4LMPMdHBHiPa_7,3013,8
apWRSZbJCyM,PLUl4u3cNGP62ihmDWYj4LMPMdHBHiPa_7,4969,9
f9YGQZVxJ9I,PLUl4u3cNGP62ihmDWYj4LMPMdHBHiPa_7,1734,10
-SUNntP3dWo,PLUl4u3cNGP62ihmDWYj4LMPMdHBHiPa_7,768,11
RMONbz_0-Rk,PLUl4u3cNGP62ihmDWYj4LMPMdHBHiPa_7,595,12
CvT9dMwuHhQ,PLUl4u3cNGP62ihmDWYj4LMPMdHBHiPa_7,485,13
WdQUiCPvcvw,PLUl4u3cNGP62ihmDWYj4LMPMdHBHiPa_7,351,14
HF4hKftgWxg,PLUl4u3cNGP62ihmDWYj4LMPMdHBHiPa_7,199,15
o4xIlEt71Pw,PLUl4u3cNGP62ihmDWYj4LMPMdHBHiPa_7,1831,16
WGgH9wpDs5c,PLUl4u3cNGP62ihmDWYj4LMPMdHBHiPa_7,5042,17
sY-Hxq1-_Xo,PLUl4u3cNGP62ihmDWYj4LMPMdHBHiPa_7,557,18
5iD590uppi8,PLUl4u3cNGP62ihmDWYj4LMPMdHBHiPa_7,229,19
axW7DSLHO8U,PLUl4u3cNGP62ihmDWYj4LMPMdHBHiPa_7,601,20
avJ65YYAfD4,PLUl4u3cNGP62ihmDWYj4LMPMdHBHiPa_7,787,21
TFLHRW3ldOA,PLUl4u3cNGP62ihmDWYj4LMPMdHBHiPa_7,486,22
J_2M_4KX9RQ,PLUl4u3cNGP62ihmDWYj4LMPMdHBHiPa_7,560,23
hUiiI8NMutc,PLUl4u3cNGP62ihmDWYj4LMPMdHBHiPa_7,629,24
jj_iZLn0jr4,PLUl4u3cNGP62ihmDWYj4LMPMdHBHiPa_7,400,25
K12JGiYHcTw,PLUl4u3cNGP61kz4wAgG77DjRf5bXhLJNv,10791,1
-MVhGXP-6p8,PLUl4u3cNGP61kz4wAgG77DjRf5bXhLJNv,3962,2
Qd-zK_1bEPM,PLUl4u3cNGP61kz4wAgG77DjRf5bXhLJNv,3652,3
M72LGeuJ7q4,PLUl4u3cNGP61kz4wAgG77DjRf5bXhLJNv,2855,4
aDAsbWBTlvI,PLUl4u3cNGP61kz4wAgG77DjRf5bXhLJNv,2301,5
6TcIK81Ay3g,PLUl4u3cNGP61kz4wAgG77DjRf5bXhLJNv,3327,6
dWNrHmcb4Oo,PLUl4u3cNGP61kz4wAgG77DjRf5bXhLJNv,1366,7
_Rug61bsvt8,PLUl4u3cNGP61kz4wAgG77DjRf5bXhLJNv,577,8
caSqb6LMF30,PLUl4u3cNGP61kz4wAgG77DjRf5bXhLJNv,1862,9
nLlx5bE68b0,PLUl4u3cNGP61kz4wAgG77DjRf5bXhLJNv,1138,10
-W8jzpw_TgE,PLUl4u3cNGP61kz4wAgG77DjRf5bXhLJNv,681,11
a4_x62LdV30,PLUl4u3cNGP61kz4wAgG77DjRf5bXhLJNv,576,12
zOmTVlqqdEU,PLUl4u3cNGP60Ir_IGI7XgyzJ_fy06n6AP,25615,1
0t659KgehZE,PLUl4u3cNGP60Ir_IGI7XgyzJ_fy06n6AP,3159,2
BAoaC8O3X7I,PLUl4u3cNGP60Ir_IGI7XgyzJ_fy06n6AP,3998,3
_3lU2LDQdUU,PLUl4u3cNGP60Ir_IGI7XgyzJ_fy06n6AP,1768,4
sNE3_UXhV20,PLUl4u3cNGP60Ir_IGI7XgyzJ_fy06n6AP,1366,5
S9v_naROYQ8,PLUl4u3cNGP60Ir_IGI7XgyzJ_fy06n6AP,2111,6
XKEJRhypx84,PLUl4u3cNGP60Ir_IGI7XgyzJ_fy06n6AP,789,7
XmpKWntLzPQ,PLUl4u3cNGP60Ir_IGI7XgyzJ_fy06n6AP,5877,8
psoIl5k1FIs,PLUl4u3cNGP60Ir_IGI7XgyzJ_fy06n6AP,879,9
kk55qwgSXcA,PLUl4u3cNGP60Ir_IGI7XgyzJ_fy06n6AP,1772,10
uPoKChMBeQY,PLUl4u3cNGP60Ir_IGI7XgyzJ_fy06n6AP,1554,11
WyEwjQt8gfQ,PLUl4u3cNGP60Ir_IGI7XgyzJ_fy06n6AP,2596,12
7WAP4DWKarM,PLUl4u3cNGP60Ir_IGI7XgyzJ_fy06n6AP,1000,13
fppdTndwipg,PLUl4u3cNGP60Ir_IGI7XgyzJ_fy06n6AP,626,14
kP_1zySn3Rw,PLUl4u3cNGP60Ir_IGI7XgyzJ_fy06n6AP,4610,15
4pPggNBGK88,PLUl4u3cNGP60Ir_IGI7XgyzJ_fy06n6AP,1416,16
ttuvXdZNcDM,PLUl4u3cNGP60Ir_IGI7XgyzJ_fy06n6AP,940,17
0RtBiJ_FTag,PLUl4u3cNGP60Ir_IGI7XgyzJ_fy06n6AP,886,18
6xrabmU-gq8,PLUl4u3cNGP60Ir_IGI7XgyzJ_fy06n6AP,1560,19
iNQ0dQ9bPNs,PLUl4u3cNGP60Ir_IGI7XgyzJ_fy06n6AP,2491,20
ZLbt_1bI_NA,PLUl4u3cNGP60ZaGv5SgpIk67YnH1WqCLI,22913,1
s7i_Dpz-DLU,PLUl4u3cNGP60ZaGv5SgpIk67YnH1WqCLI,4705,2
H6y0szqtRKo,PLUl4u3cNGP60ZaGv5SgpIk67YnH1WqCLI,4116,3
lKX4aGOzNvo,PLUl4u3cNGP60ZaGv5SgpIk67YnH1WqCLI,3663,4
a4snWHyNTJ4,PLUl4u3cNGP60ZaGv5SgpIk67YnH1WqCLI,1408,5
zNesxH6wiAg,PLUl4u3cNGP60ZaGv5SgpIk67YnH1WqCLI,1490,6
_ZVnrpjI_VU,PLUl4u3cNGP60ZaGv5SgpIk67YnH1WqCLI,2273,7
h9btrlN9JLk,PLUl4u3cNGP60ZaGv5SgpIk67YnH1WqCLI,1361,8
JJRijRD4l-g,PLUl4u3cNGP60ZaGv5SgpIk67YnH1WqCLI,4564,9
Zqi2n4oZgvk,PLUl4u3cNGP60ZaGv5SgpIk67YnH1WqCLI,430,10
R8WOnNX8v9E,PLUl4u3cNGP60ZaGv5SgpIk67YnH1WqCLI,510,11
4DmYVsqRbPg,PLUl4u3cNGP60ZaGv5SgpIk67YnH1WqCLI,1384,12
5wbD-zChZsU,PLUl4u3cNGP60ZaGv5SgpIk67YnH1WqCLI,3110,13
9NChLq-orAk,PLUl4u3cNGP60ZaGv5SgpIk67YnH1WqCLI,635,14
xfbzRPUagPY,PLUl4u3cNGP60ZaGv5SgpIk67YnH1WqCLI,800,15
jXtqyQuLlnk,PLUl4u3cNGP60ZaGv5SgpIk67YnH1WqCLI,1141,16
EIWhCCjSkPU,PLUl4u3cNGP60ZaGv5SgpIk67YnH1WqCLI,1197,17
7a4NYOOSVfI,PLUl4u3cNGP60ZaGv5SgpIk67YnH1WqCLI,1208,18
gBD44yITfrw,PLUl4u3cNGP60ZaGv5SgpIk67YnH1WqCLI,422,19
GUgYT7GxUGA,PLUl4u3cNGP60ZaGv5SgpIk67YnH1WqCLI,1153,20
Ksl0Vp4jhmA,PLUl4u3cNGP60ZaGv5SgpIk67YnH1WqCLI,1045,21
gDpkinitSRM,PLUl4u3cNGP60ZaGv5SgpIk67YnH1WqCLI,1141,22
apbCAHH7Ml4,PLUl4u3cNGP60ZaGv5SgpIk67YnH1WqCLI,630,23
rNfMwqjohC8,PLUl4u3cNGP60ZaGv5SgpIk67YnH1WqCLI,825,24
N4GOV3kzbdo,PLUl4u3cNGP60ZaGv5SgpIk67YnH1WqCLI,1263,25
YEUyMX7kouw,PLUl4u3cNGP63vgoqGQDciPo6V5TPI0u9r,7503,1
r7MO11iMsOQ,PLUl4u3cNGP63vgoqGQDciPo6V5TPI0u9r,8020,2
-Y8pOF1AgUY,PLUl4u3cNGP63vgoqGQDciPo6V5TPI0u9r,885,3
_ZZ6jwuBJxc,PLUl4u3cNGP63vgoqGQDciPo6V5TPI0u9r,26916,4
VXeTfT8JL0Q,PLUl4u3cNGP63vgoqGQDciPo6V5TPI0u9r,966,5
htRqniQFm5g,PLUl4u3cNGP63vgoqGQDciPo6V5TPI0u9r,798,6
739SB34oEyo,PLUl4u3cNGP63vgoqGQDciPo6V5TPI0u9r,1440,7
xB8xRCSyQlY,PLUl4u3cNGP63vgoqGQDciPo6V5TPI0u9r,464,8
S5UKjrfJiL8,PLUl4u3cNGP63vgoqGQDciPo6V5TPI0u9r,616,9
cLfyjIlu9Uw,PLUl4u3cNGP61Iarlv9eLlXmTMybRZR1-1,13380,1
PZQgldCzIjs,PLUl4u3cNGP61Iarlv9eLlXmTMybRZR1-1,1992,2
Wi4W4PTzdhI,PLUl4u3cNGP61Iarlv9eLlXmTMybRZR1-1,1418,3
juxuwNK3G-c,PLUl4u3cNGP61Iarlv9eLlXmTMybRZR1-1,1451,4
yBgKkYcoPgM,PLUl4u3cNGP61Iarlv9eLlXmTMybRZR1-1,8732,5
r1yb4-JvZhU,PLUl4u3cNGP61Iarlv9eLlXmTMybRZR1-1,1133,6
jfhdvFAplpU,PLUl4u3cNGP61Iarlv9eLlXmTMybRZR1-1,875,7
Tpaw_dE9LyY,PLUl4u3cNGP61Iarlv9eLlXmTMybRZR1-1,1375,8
uc8kW2iDA3A,PLUl4u3cNGP61Iarlv9eLlXmTMybRZR1-1,14340,9
l-bSkqJ6ytE,PLUl4u3cNGP61Iarlv9eLlXmTMybRZR1-1,1078,10
yBvKhgnYLM4,PLUl4u3cNGP61Iarlv9eLlXmTMybRZR1-1,768,11
mslvJdTQhHc,PLUl4u3cNGP61Iarlv9eLlXmTMybRZR1-1,869,12
yGvxqV-qpQ8,PLUl4u3cNGP61Iarlv9eLlXmTMybRZR1-1,422,13
OmiGPen5vSo,PLUl4u3cNGP61Iarlv9eLlXmTMybRZR1-1,472,14
C_akTI3vnHQ,PLUl4u3cNGP61Iarlv9eLlXmTMybRZR1-1,860,15
MrQwihmwKoc,PLUl4u3cNGP61Iarlv9eLlXmTMybRZR1-1,573,16
RKjvoLeojfk,PLUl4u3cNGP61Iarlv9eLlXmTMybRZR1-1,759,17
VieMadwoNNs,PLUl4u3cNGP61Iarlv9eLlXmTMybRZR1-1,707,18
Gr_MZYzAWGI,PLUl4u3cNGP61Iarlv9eLlXmTMybRZR1-1,797,19
DidA5vk0h_U,PLUl4u3cNGP61Iarlv9eLlXmTMybRZR1-1,1239,20
CBToKajn2u4,PLUl4u3cNGP61Iarlv9eLlXmTMybRZR1-1,317,21
ICBy0tTtgR4,PLUl4u3cNGP61Iarlv9eLlXmTMybRZR1-1,582,22
_CUXbDB0bUU,PLUl4u3cNGP61Iarlv9eLlXmTMybRZR1-1,1953,23
ADWGuj3nDQo,PLUl4u3cNGP61Iarlv9eLlXmTMybRZR1-1,726,24
Q67wzxKElp8,PLUl4u3cNGP61Iarlv9eLlXmTMybRZR1-1,565,25
C-n3hyz-sSY,PLUl4u3cNGP61Iarlv9eLlXmTMybRZR1-1,7934,26
UybHQEFy56c,PLUl4u3cNGP61Iarlv9eLlXmTMybRZR1-1,1200,27
WJUHzSQPRVM,PLUl4u3cNGP61Iarlv9eLlXmTMybRZR1-1,638,28
d5chZ4A54DI,PLUl4u3cNGP61Iarlv9eLlXmTMybRZR1-1,601,29
DE9TnscEmtw,PLUl4u3cNGP61Iarlv9eLlXmTMybRZR1-1,474,30
M4dl1quiPPY,PLUl4u3cNGP61Iarlv9eLlXmTMybRZR1-1,563,31
Hu-ZLesnxfc,PLUl4u3cNGP61Iarlv9eLlXmTMybRZR1-1,220,32
8MLEYc3PLUc,PLUl4u3cNGP61Iarlv9eLlXmTMybRZR1-1,2245,33
xDoe1HvHfbM,PLUl4u3cNGP61Iarlv9eLlXmTMybRZR1-1,1259,34
xApFTcsFPcQ,PLUl4u3cNGP61Iarlv9eLlXmTMybRZR1-1,20350,35
6gffCYK1_nk,PLUl4u3cNGP61Iarlv9eLlXmTMybRZR1-1,494,36
fbE9xXfb0PA,PLUl4u3cNGP61Iarlv9eLlXmTMybRZR1-1,796,37
q2mz6LZVnT8,PLUl4u3cNGP61Iarlv9eLlXmTMybRZR1-1,264,38
UmLCGjbeeJ8,PLUl4u3cNGP61Iarlv9eLlXmTMybRZR1-1,387,39
Q69ILtZSteE,PLUl4u3cNGP61Iarlv9eLlXmTMybRZR1-1,276,40
XWFocLnBdhM,PLUl4u3cNGP61Iarlv9eLlXmTMybRZR1-1,5662,41
sDnM5fTqXv4,PLUl4u3cNGP61Iarlv9eLlXmTMybRZR1-1,310,42
5eKqzY-dyxQ,PLUl4u3cNGP61Iarlv9eLlXmTMybRZR1-1,154,43
LxDmWdOwIA8,PLUl4u3cNGP61Iarlv9eLlXmTMybRZR1-1,655,44
lbqlj1g8gu0,PLUl4u3cNGP61Iarlv9eLlXmTMybRZR1-1,762,45
w_Bl6xbvl3g,PLUl4u3cNGP60DHnW0T9njV2tNlcns2Feb,36952,1
_ZG2U_lfc1Q,PLUl4u3cNGP60DHnW0T9njV2tNlcns2Feb,5382,2
qFcra-xNYrw,PLUl4u3cNGP60DHnW0T9njV2tNlcns2Feb,4878,3
7MWXdi-e-DQ,PLUl4u3cNGP60DHnW0T9njV2tNlcns2Feb,3832,4
Kd5jrNYGQr4,PLUl4u3cNGP60DHnW0T9njV2tNlcns2Feb,9994,5
kqTVh_RzPDI,PLUl4u3cNGP60DHnW0T9njV2tNlcns2Feb,4439,6
zv2iDnxWJfM,PLUl4u3cNGP60DHnW0T9njV2tNlcns2Feb,5548,7
2o9hOTP8VU4,PLUl4u3cNGP60DHnW0T9njV2tNlcns2Feb,5431,8
6vI7xuRSUiM,PLUl4u3cNGP60DHnW0T9njV2tNlcns2Feb,4501,9
YkYeYhXUeEE,PLUl4u3cNGP63LOmB3_O0xbgZVZibxj4rb,75205,1
ustfXi-mpkI,PLUl4u3cNGP63LOmB3_O0xbgZVZibxj4rb,64182,2
_U6YamvF7BE,PLUl4u3cNGP63LOmB3_O0xbgZVZibxj4rb,36485,3
Qg7pQ_CYaIQ,PLUl4u3cNGP63LOmB3_O0xbgZVZibxj4rb,43212,4
kO0VmaLkgj8,PLUl4u3cNGP63LOmB3_O0xbgZVZibxj4rb,19198,5
V-RPM3e8Ws0,PLUl4u3cNGP63LOmB3_O0xbgZVZibxj4rb,48537,6
-jJz5OMmuP0,PLUl4u3cNGP63LOmB3_O0xbgZVZibxj4rb,16863,7
LWmVdG0uj2g,PLUl4u3cNGP63LOmB3_O0xbgZVZibxj4rb,18304,8
NIZFPnHtrBA,PLUl4u3cNGP63LOmB3_O0xbgZVZibxj4rb,10827,9
ed_XR1BzuQs,PLUl4u3cNGP63LOmB3_O0xbgZVZibxj4rb,19051,10
Hc5ODj1Ml6c,PLUl4u3cNGP63LOmB3_O0xbgZVZibxj4rb,10568,11
Ja9eEQQzTic,PLUl4u3cNGP63LOmB3_O0xbgZVZibxj4rb,27374,12
O192jrR80oo,PLUl4u3cNGP63LOmB3_O0xbgZVZibxj4rb,62072,13
BBbuj0XpaiQ,PLUl4u3cNGP63LOmB3_O0xbgZVZibxj4rb,26689,14
wS1MX-C2V9w,PLUl4u3cNGP63LOmB3_O0xbgZVZibxj4rb,17816,15
OjhZYx1FbhI,PLUl4u3cNGP63LOmB3_O0xbgZVZibxj4rb,39528,16
awdQqF9CFt0,PLUl4u3cNGP63LOmB3_O0xbgZVZibxj4rb,9050,17
f0udxGcoztE,PLUl4u3cNGP63LOmB3_O0xbgZVZibxj4rb,16809,18
AVL5AwJrrEU,PLUl4u3cNGP63LOmB3_O0xbgZVZibxj4rb,9372,19
FJCVSswFXyE,PLUl4u3cNGP63LOmB3_O0xbgZVZibxj4rb,8165,20
pJdUR2uak2s,PLUl4u3cNGP63LOmB3_O0xbgZVZibxj4rb,7805,21
caonmXHGB60,PLUl4u3cNGP63LOmB3_O0xbgZVZibxj4rb,8113,22
pIwp65fPyYU,PLUl4u3cNGP63LOmB3_O0xbgZVZibxj4rb,9204,23
Om_5b29d_9g,PLUl4u3cNGP63LOmB3_O0xbgZVZibxj4rb,2982,24
BZzkyqe6KD8,PLUl4u3cNGP63LOmB3_O0xbgZVZibxj4rb,23251,25
f6Z99Gu6XEE,PLUl4u3cNGP63LOmB3_O0xbgZVZibxj4rb,4396,26
JBgbUI3pxV0,PLUl4u3cNGP63LOmB3_O0xbgZVZibxj4rb,24939,27
lLdPSLNxDqA,PLUl4u3cNGP63LOmB3_O0xbgZVZibxj4rb,34024,28
CFPnZ66nge4,PLUl4u3cNGP63LOmB3_O0xbgZVZibxj4rb,10986,29
B7iFcW8USjQ,PLUl4u3cNGP63LOmB3_O0xbgZVZibxj4rb,9519,30
XKeAd4xybjM,PLUl4u3cNGP63LOmB3_O0xbgZVZibxj4rb,7436,31
4q0T9c7jotw,PLUl4u3cNGP63LOmB3_O0xbgZVZibxj4rb,9481,32
KHkNrbSKFic,PLUl4u3cNGP63LOmB3_O0xbgZVZibxj4rb,4475,33
p8AAjZXr5dg,PLUl4u3cNGP63LOmB3_O0xbgZVZibxj4rb,10224,34
pn1cxuBmhtI,PLUl4u3cNGP63LOmB3_O0xbgZVZibxj4rb,3362,35
